min_calmar,mean_calmar,n_positive,n_periods,slow_ma_len,slow_ma_type,fast_ma_len,fast_ma_type,allow_longs,allow_shorts,use_fast_ma,leverage_long,leverage_short,sl_enable,sl_risk_pct,signal_tf,calmar_2021_default,ann_2021_default,maxdd_2021_default,trades_2021_default,calmar_bull_2020_2021,ann_bull_2020_2021,maxdd_bull_2020_2021,trades_bull_2020_2021,calmar_bear_2022,ann_bear_2022,maxdd_bear_2022,trades_bear_2022,calmar_recovery_2023_2025,ann_recovery_2023_2025,maxdd_recovery_2023_2025,trades_recovery_2023_2025,calmar_last_2y,ann_last_2y,maxdd_last_2y,trades_last_2y
2.122,9.9312,5,5,130,SMA,60,SMA,True,True,True,4.0,1.0,True,9.0,D,18.727,1113.83,59.48,68,13.307,133.7,10.05,5,3.086,45.27,14.67,6,12.414,738.36,59.48,50,2.122,86.79,40.91,32
1.874,17.167199999999998,5,5,130,SMA,44,SMA,True,True,True,4.0,1.0,True,9.0,D,39.117,1763.82,45.09,81,21.358,214.59,10.05,6,2.194,39.59,18.04,10,21.293,960.13,45.09,57,1.874,74.31,39.66,39
1.874,9.777,5,5,130,SMA,60,SMA,True,True,True,4.0,1.25,True,9.0,D,18.257,1109.54,60.77,68,14.405,148.5,10.31,5,3.912,63.24,16.17,6,10.437,634.29,60.77,50,1.874,80.21,42.8,32
1.687,6.1332,5,5,130,SMA,60,SMA,True,True,True,4.0,2.0,True,9.0,D,10.867,705.9,64.96,68,1.687,44.51,26.38,5,8.679,134.97,15.55,6,7.666,497.98,64.96,50,1.767,86.41,48.9,32
1.452,16.241999999999997,5,5,130,SMA,44,SMA,True,True,True,4.0,1.25,True,9.0,D,36.891,1718.12,46.57,81,22.781,234.85,10.31,6,2.732,55.44,20.29,10,17.354,808.22,46.57,57,1.452,63.8,43.95,39
1.353,7.984999999999999,5,5,130,SMA,44,SMA,True,True,True,4.0,2.0,True,9.0,D,18.043,937.54,51.96,81,3.641,96.05,26.38,6,5.339,118.27,22.15,10,11.549,600.1,51.96,57,1.353,63.87,47.21,39
1.281,5.688999999999999,5,5,130,SMA,60,SMA,True,True,True,3.0,1.0,True,9.0,D,8.158,459.06,56.27,68,10.066,101.13,10.05,5,3.086,45.27,14.67,6,5.854,329.4,56.27,50,1.281,50.11,39.12,32
1.12,10.1704,5,5,130,SMA,44,SMA,True,True,True,3.0,1.0,True,9.0,D,19.483,751.11,38.55,81,16.143,162.19,10.05,6,2.194,39.59,18.04,10,11.912,459.22,38.55,57,1.12,42.38,37.83,39
1.107,16.1638,5,5,100,SMA,60,SMA,True,True,True,4.0,1.25,True,4.0,D,15.209,745.77,49.03,94,50.21,1872.15,37.29,19,5.529,63.73,11.53,9,8.764,429.75,49.03,63,1.107,49.49,44.7,46
1.101,5.7812,5,5,130,SMA,60,SMA,True,True,True,3.0,1.25,True,9.0,D,7.929,457.24,57.67,68,11.101,114.44,10.31,5,3.912,63.24,16.17,6,4.863,280.46,57.67,50,1.101,45.23,41.06,32
1.084,6.2654,5,5,130,SMA,60,SMA,True,True,True,4.0,1.25,True,12.0,D,10.959,733.75,66.95,68,9.548,126.66,13.27,5,2.69,50.78,18.87,6,7.046,471.76,66.95,50,1.084,52.34,48.27,32
1.065,5.937800000000001,5,5,130,SMA,60,SMA,True,True,True,4.0,1.0,True,12.0,D,10.284,677.31,65.86,68,8.67,112.82,13.01,5,1.936,33.85,17.48,6,7.734,509.39,65.86,50,1.065,49.57,46.56,32
1.051,3.0738,5,5,130,SMA,60,SMA,True,True,True,2.0,1.0,True,6.0,D,3.992,177.22,44.4,68,1.051,18.81,17.9,5,5.518,59.41,10.77,6,3.519,156.21,44.4,50,1.289,39.82,30.89,32
1.017,4.3508000000000004,5,5,130,SMA,44,SMA,True,True,True,2.0,1.0,True,6.0,D,8.025,253.66,31.61,81,2.614,46.79,17.9,6,3.727,53.27,14.29,10,6.371,201.39,31.61,57,1.017,32.15,31.61,39
1.004,3.3192,5,5,130,SMA,60,SMA,True,True,True,2.0,1.25,True,6.0,D,3.408,160.26,47.02,68,1.004,18.21,18.14,5,7.878,83.09,10.55,6,3.1,145.75,47.02,50,1.206,41.2,34.16,32
0.976,4.05,5,5,130,SMA,44,SMA,True,True,True,2.0,1.25,True,6.0,D,6.344,211.26,33.3,81,2.541,46.09,18.14,6,4.981,74.49,14.95,10,5.408,180.09,33.3,57,0.976,31.98,32.78,39
0.965,3.2984,5,5,130,SMA,60,SMA,True,True,True,2.0,1.25,False,2.0,D,3.622,186.28,51.42,68,5.746,75.61,13.16,5,3.71,57.27,15.44,6,2.449,125.94,51.42,50,0.965,36.73,38.05,32
0.96,4.191000000000001,5,5,130,SMA,60,SMA,True,True,True,2.0,2.0,False,2.0,D,3.915,219.39,56.03,68,7.901,109.98,13.92,5,6.525,111.61,17.11,6,1.654,92.68,56.03,50,0.96,42.16,43.93,32
0.954,2.9368,5,5,130,SMA,60,SMA,True,True,True,2.0,1.0,False,2.0,D,3.429,170.8,49.82,68,4.96,64.01,12.91,5,2.574,39.74,15.44,6,2.767,137.82,49.82,50,0.954,34.36,36.01,32
0.928,16.4172,5,5,100,SMA,60,SMA,True,True,True,4.0,1.0,True,4.0,D,12.776,628.95,49.23,94,56.079,1978.94,35.29,19,3.744,43.16,11.53,9,8.559,421.36,49.23,63,0.928,41.68,44.91,46
0.905,12.1942,5,5,130,SMA,44,SMA,True,True,True,4.0,1.25,True,12.0,D,27.779,1325.84,47.73,81,15.606,207.02,13.27,6,1.901,43.48,22.87,10,14.78,705.42,47.73,57,0.905,42.45,46.91,39
0.888,11.829,5,5,130,SMA,44,SMA,True,True,True,4.0,1.0,True,12.0,D,26.193,1212.17,46.28,81,14.453,188.07,13.01,6,1.375,28.53,20.74,10,16.236,751.38,46.28,57,0.888,40.34,45.43,39
0.856,5.8908000000000005,5,5,130,SMA,44,SMA,True,True,True,2.0,1.25,False,2.0,D,9.136,337.24,36.91,81,11.452,150.69,13.16,6,2.948,49.71,16.87,10,5.062,186.85,36.91,57,0.856,31.19,36.42,39
0.847,17.683999999999997,5,5,100,SMA,60,SMA,True,True,True,4.0,2.0,True,4.0,D,19.195,929.8,48.44,94,48.105,1825.7,37.95,19,11.475,132.27,11.53,9,8.798,426.15,48.44,63,0.847,37.29,44.05,46
0.839,6.447800000000001,5,5,130,SMA,44,SMA,True,True,True,2.0,2.0,False,2.0,D,9.518,405.81,42.63,81,14.294,198.96,13.92,6,4.087,96.39,23.58,10,3.501,147.13,42.02,57,0.839,34.87,41.57,39
0.82,5.5304,5,5,130,SMA,44,SMA,True,True,True,2.0,1.0,False,2.0,D,8.589,307.04,35.75,81,10.414,134.4,12.91,6,2.218,34.23,15.44,10,5.611,200.56,35.75,57,0.82,29.33,35.75,39
0.797,9.3538,5,5,130,SMA,44,SMA,True,True,True,3.0,1.25,True,9.0,D,16.915,731.35,43.24,81,17.446,179.86,10.31,6,2.732,55.44,20.29,10,8.879,383.88,43.24,57,0.797,34.44,43.24,39
0.795,3.7230000000000003,5,5,130,SMA,60,SMA,True,True,True,3.0,2.0,True,9.0,D,4.609,286.61,62.18,68,0.795,20.97,26.38,5,8.679,134.97,15.55,6,3.479,216.35,62.18,50,1.053,49.84,47.35,32
0.794,3.7050000000000005,5,5,130,SMA,60,SMA,True,True,True,2.0,1.0,True,9.0,D,3.379,173.54,51.36,68,7.194,72.28,10.05,5,4.767,52.73,11.06,6,2.391,122.83,51.36,50,0.794,28.36,35.71,32
0.776,3.4579999999999997,5,5,130,SMA,60,SMA,True,True,True,3.0,2.0,False,2.0,D,4.742,319.59,67.39,68,5.68,112.07,19.73,5,3.606,83.49,23.15,6,2.486,167.56,67.39,50,0.776,40.94,52.74,32
0.771,3.4262,5,5,130,SMA,60,SMA,True,True,True,2.0,1.25,True,12.0,D,3.371,173.21,51.39,68,5.675,75.28,13.27,5,5.17,64.92,12.56,6,2.144,110.19,51.39,50,0.771,29.29,38.01,32
0.769,6.735199999999999,5,5,130,SMA,44,SMA,True,True,True,2.0,1.0,True,9.0,D,9.634,335.81,34.86,81,14.451,145.19,10.05,6,3.211,46.8,14.57,10,5.611,195.6,34.86,57,0.769,26.42,34.35,39
0.756,4.582199999999999,5,5,130,SMA,44,SMA,True,True,True,3.0,2.0,True,9.0,D,8.516,393.81,46.24,81,2.231,58.84,26.38,6,5.339,118.27,22.15,10,6.069,280.65,46.24,57,0.756,34.49,45.61,39
0.754,3.0309999999999997,5,5,130,SMA,60,SMA,True,True,True,2.0,1.0,True,12.0,D,3.188,158.72,49.78,68,4.895,63.69,13.01,5,3.889,46.67,12.0,6,2.429,120.9,49.78,50,0.754,27.11,35.96,32
0.745,2.8114,5,5,130,SMA,60,SMA,True,True,True,3.0,1.25,False,2.0,D,4.262,272.64,63.97,68,4.072,77.45,19.02,5,1.531,35.46,23.15,6,3.447,220.53,63.97,50,0.745,35.58,47.79,32
0.722,2.5786,5,5,130,SMA,60,SMA,True,True,True,3.0,1.0,False,2.0,D,3.993,250.7,62.78,68,3.502,65.77,18.78,5,0.862,19.95,23.15,6,3.814,239.46,62.78,50,0.722,33.24,46.06,32
0.716,9.8754,5,5,100,SMA,60,SMA,True,True,True,3.0,1.25,True,4.0,D,6.32,309.9,49.03,94,32.726,1220.23,37.29,19,5.529,63.73,11.53,9,4.086,200.36,49.03,63,0.716,31.99,44.7,46
0.666,6.8953999999999995,5,5,100,SMA,60,SMA,True,True,True,2.0,1.25,True,4.0,D,5.78,282.75,48.92,94,17.889,667.01,37.29,19,5.529,63.73,11.53,9,4.613,225.66,48.92,63,0.666,29.7,44.58,46
0.665,5.6776,5,5,130,SMA,44,SMA,True,True,True,2.0,1.25,True,12.0,D,8.535,314.64,36.87,81,11.327,150.27,13.27,6,3.383,57.05,16.87,10,4.478,165.09,36.87,57,0.665,24.19,36.37,39
0.665,3.5400000000000005,5,5,130,SMA,60,SMA,True,True,True,4.0,2.0,True,12.0,D,6.495,455.2,70.09,68,0.665,22.24,33.42,5,5.209,109.53,21.03,6,4.42,309.79,70.09,50,0.911,48.44,53.18,32
0.65,5.392999999999999,5,5,130,SMA,44,SMA,True,True,True,2.0,1.0,True,12.0,D,8.155,286.34,35.11,81,10.297,134.0,13.01,6,2.809,40.95,14.57,10,5.054,177.45,35.11,57,0.65,22.48,34.61,39
0.648,3.9346000000000005,5,5,130,SMA,60,SMA,True,True,True,2.0,1.25,True,9.0,D,3.265,172.8,52.92,68,8.174,84.27,10.31,5,5.664,71.46,12.62,6,1.922,101.73,52.92,50,0.648,24.47,37.76,32
0.633,6.981200000000001,5,5,130,SMA,44,SMA,True,True,True,3.0,2.0,False,2.0,D,13.89,712.87,51.32,81,12.075,238.22,19.73,6,2.73,70.03,25.66,10,5.578,286.25,51.32,57,0.633,32.12,50.75,39
0.612,4.0112000000000005,5,5,130,SMA,30,SMA,True,True,True,4.0,1.0,True,9.0,D,5.642,351.76,62.35,107,5.331,131.37,24.64,8,4.845,66.72,13.77,14,3.626,226.08,62.35,74,0.612,26.41,43.19,47
0.602,5.805000000000001,5,5,130,SMA,44,SMA,True,True,True,4.0,2.0,True,12.0,D,14.429,782.82,54.25,81,2.043,68.27,33.42,6,3.472,94.43,27.2,10,8.479,460.02,54.25,57,0.602,32.68,54.25,39
0.581,6.188000000000001,5,5,130,SMA,44,SMA,True,True,True,3.0,1.25,False,2.0,D,12.119,594.9,49.09,81,9.734,185.13,19.02,6,1.243,28.77,23.15,10,7.263,356.53,49.09,57,0.581,28.54,49.09,39
0.568,10.033199999999999,5,5,100,SMA,60,SMA,True,True,True,3.0,1.0,True,4.0,D,5.272,259.55,49.23,94,36.598,1291.48,35.29,19,3.744,43.16,11.53,9,3.984,196.13,49.23,63,0.568,25.52,44.91,46
0.55,5.8222000000000005,5,5,130,SMA,44,SMA,True,True,True,3.0,1.0,False,2.0,D,11.171,542.95,48.6,81,8.903,167.22,18.78,6,0.652,15.09,23.15,10,7.835,380.79,48.6,57,0.55,26.74,48.6,39
0.537,2.8872000000000004,5,5,130,SMA,60,SMA,True,True,True,4.0,2.0,False,2.0,D,4.797,365.23,76.13,68,4.238,108.22,25.54,5,1.833,56.58,30.87,6,3.031,230.74,76.13,50,0.537,32.52,60.5,32
0.525,3.7760000000000007,5,5,130,SMA,60,SMA,True,True,True,3.0,1.25,True,12.0,D,4.389,286.94,65.38,68,7.147,94.81,13.27,5,3.992,59.61,14.93,6,2.827,184.87,65.38,50,0.525,24.51,46.7,32
0.523,6.7296000000000005,5,5,100,SMA,60,SMA,True,True,True,2.0,1.0,True,4.0,D,4.816,236.55,49.12,94,20.066,708.1,35.29,19,3.744,43.16,11.53,9,4.499,220.96,49.12,63,0.523,23.42,44.79,46
0.516,6.5386,5,5,130,SMA,44,SMA,True,True,True,2.0,1.25,True,9.0,D,8.528,326.69,38.31,81,15.716,162.01,10.31,6,3.742,63.33,16.92,10,4.191,160.55,38.31,57,0.516,19.77,38.31,39
0.5,5.2004,5,5,100,SMA,44,SMA,True,True,True,2.0,1.25,True,4.0,D,8.36,362.96,43.42,108,6.757,298.14,44.12,23,4.046,61.81,15.28,13,6.339,275.24,43.42,70,0.5,21.73,43.42,53
0.5,3.4351999999999996,5,5,130,SMA,60,SMA,True,True,True,3.0,1.0,True,12.0,D,4.109,263.94,64.24,68,6.33,82.37,13.01,5,3.106,41.85,13.47,6,3.131,201.14,64.24,50,0.5,22.45,44.94,32
0.497,11.0882,5,5,100,SMA,60,SMA,True,True,True,3.0,2.0,True,4.0,D,8.035,389.22,48.44,94,31.335,1189.23,37.95,19,11.475,132.27,11.53,9,4.099,198.55,48.44,63,0.497,21.89,44.05,46
0.472,2.4508,5,5,130,SMA,60,SMA,True,True,True,4.0,1.25,False,2.0,D,4.237,311.98,73.63,68,2.976,74.05,24.88,5,0.472,14.57,30.87,6,4.079,300.33,73.63,50,0.49,27.62,56.36,32
0.466,3.2670000000000003,5,5,130,SMA,44,SMA,True,True,True,2.0,2.0,True,9.0,D,3.972,170.83,43.01,81,2.449,46.77,19.1,6,6.832,128.82,18.86,10,2.616,112.53,43.01,57,0.466,19.82,42.57,39
0.465,8.3188,5,5,130,SMA,44,SMA,True,True,True,3.0,1.25,True,12.0,D,15.113,694.19,45.93,81,15.988,212.09,13.27,6,2.717,51.95,19.12,10,7.311,335.79,45.93,57,0.465,21.06,45.3,39
0.453,8.2034,5,5,100,SMA,60,SMA,True,True,True,2.0,2.0,True,4.0,D,7.357,355.55,48.32,94,17.104,649.13,37.95,19,11.475,132.27,11.53,9,4.628,223.65,48.32,63,0.453,19.88,43.93,46
0.443,7.9512,5,5,130,SMA,44,SMA,True,True,True,3.0,1.0,True,12.0,D,14.266,633.85,44.43,81,14.824,192.9,13.01,6,2.148,36.28,16.89,10,8.075,358.77,44.43,57,0.443,19.41,43.78,39
0.395,4.787799999999999,5,5,130,SMA,60,SMA,True,True,True,2.0,2.0,True,6.0,D,3.491,169.0,48.41,68,0.395,8.65,21.93,5,16.392,162.14,9.89,6,2.929,141.81,48.41,50,0.732,26.28,35.88,32
0.389,4.3111999999999995,5,5,130,SMA,30,SMA,True,True,True,4.0,1.25,True,9.0,D,5.81,368.14,63.36,107,5.954,146.73,24.64,8,6.299,94.14,14.95,14,3.104,196.67,63.36,74,0.389,19.19,49.28,47
0.383,14.5612,5,5,100,SMA,60,SMA,True,True,True,3.0,1.25,True,6.0,D,8.919,559.94,62.78,94,54.784,1457.77,26.61,19,2.414,40.9,16.94,9,6.306,395.91,62.78,63,0.383,22.16,57.88,46
0.38,7.102400000000001,5,5,130,SMA,44,SMA,True,True,True,4.0,2.0,False,2.0,D,16.058,981.47,61.12,81,10.542,269.21,25.54,6,1.451,44.81,30.87,10,7.081,432.78,61.12,57,0.38,23.21,61.12,39
0.376,13.1708,5,5,100,SMA,60,SMA,True,True,True,3.0,1.0,True,6.0,D,7.939,482.93,60.83,94,49.108,1402.92,28.57,19,1.512,24.37,16.12,9,6.919,420.89,60.83,63,0.376,20.96,55.67,46
0.363,2.6133999999999995,5,5,130,SMA,44,SMA,True,True,True,2.0,2.0,True,12.0,D,4.01,179.48,44.76,81,1.279,31.14,24.34,6,5.201,111.97,21.53,10,2.214,99.09,44.76,57,0.363,16.23,44.76,39
0.362,4.756399999999999,5,5,100,SMA,44,SMA,True,True,True,2.0,1.0,True,4.0,D,6.988,306.49,43.86,108,7.537,319.12,42.34,23,2.727,41.54,15.23,13,6.168,270.55,43.86,70,0.362,15.9,43.86,53
0.357,2.9048,5,5,130,SMA,30,SMA,True,True,True,2.0,1.0,True,6.0,D,2.618,112.95,43.14,107,2.526,45.15,17.88,8,7.17,78.35,10.93,14,1.853,79.94,43.14,74,0.357,13.47,37.7,47
0.325,3.898799999999999,5,5,130,SMA,30,SMA,True,True,True,4.0,2.0,True,9.0,D,4.986,334.35,67.06,107,2.284,71.98,31.52,8,9.731,190.09,19.53,14,2.168,145.38,67.06,74,0.325,17.92,55.08,47
0.324,3.0715999999999997,5,5,130,SMA,30,SMA,True,True,True,2.0,1.25,True,6.0,D,2.566,117.58,45.83,107,2.831,47.92,16.93,8,8.165,107.82,13.21,14,1.472,67.48,45.83,74,0.324,12.93,39.89,47
0.314,4.1095999999999995,5,5,130,SMA,44,SMA,True,True,True,2.0,2.0,True,6.0,D,5.392,186.76,34.63,81,1.595,34.96,21.93,6,8.258,142.62,17.27,10,4.989,172.8,34.63,57,0.314,10.89,34.63,39
0.283,6.3498,5,5,130,SMA,44,SMA,True,True,True,4.0,1.25,False,2.0,D,13.676,820.3,59.98,81,8.534,212.32,24.88,6,0.283,8.72,30.87,10,8.923,535.23,59.98,57,0.333,20.0,59.98,39
0.27,3.5460000000000003,5,5,130,SMA,30,SMA,True,True,True,3.0,1.0,True,9.0,D,3.381,187.01,55.31,107,7.132,120.12,16.84,8,4.845,66.72,13.77,14,2.102,116.27,55.31,74,0.27,12.13,44.87,47
0.258,3.9132,5,5,130,SMA,44,SMA,True,True,True,3.0,2.0,True,12.0,D,7.812,405.95,51.97,81,2.941,71.58,24.34,6,4.454,105.38,23.66,10,4.101,213.12,51.97,57,0.258,13.41,51.97,39
0.25,8.758,5,5,100,SMA,44,SMA,True,True,True,4.0,1.25,True,4.0,D,12.564,679.93,54.12,108,20.689,904.6,43.72,23,3.634,55.51,15.28,13,6.653,360.04,54.12,70,0.25,13.52,54.12,53
0.249,8.5058,5,5,100,SMA,44,SMA,True,True,True,3.0,1.0,True,6.0,D,13.967,751.3,53.79,108,16.207,632.77,39.04,23,1.415,27.51,19.43,13,10.691,575.11,53.79,70,0.249,13.39,53.79,53
0.247,3.5766000000000004,5,5,130,SMA,30,SMA,True,True,True,2.0,1.0,False,2.0,D,2.248,107.3,47.73,107,10.17,131.25,12.91,8,3.92,60.51,15.44,14,1.298,61.95,47.73,74,0.247,9.41,38.04,47
0.237,10.187999999999999,5,5,100,SMA,60,SMA,True,True,True,2.0,1.25,True,6.0,D,3.482,198.19,56.91,93,42.288,1036.97,24.52,18,2.414,40.9,16.94,9,2.519,143.38,56.91,63,0.237,12.14,51.24,46
0.237,5.6364,5,5,100,SMA,44,SMA,True,True,True,3.0,1.25,True,4.0,D,6.839,320.2,46.82,108,13.082,574.58,43.92,23,4.001,61.12,15.28,13,4.023,188.36,46.82,70,0.237,11.1,46.82,53
0.228,9.8366,5,5,100,SMA,60,SMA,True,True,True,2.0,1.0,True,6.0,D,3.096,169.19,54.66,93,41.535,997.08,24.01,18,1.512,24.37,16.12,9,2.812,153.68,54.66,63,0.228,11.09,48.68,46
0.228,23.141,5,5,100,SMA,60,SMA,True,True,True,4.0,1.25,True,6.0,D,17.31,1088.9,62.91,94,85.147,2265.72,26.61,19,2.414,40.9,16.94,9,10.606,667.19,62.91,63,0.228,13.24,58.02,46
0.227,4.1212,5,5,130,SMA,30,SMA,True,True,True,2.0,1.25,False,2.0,D,2.426,119.24,49.14,107,11.141,146.6,13.16,8,5.641,87.07,15.44,14,1.171,57.57,49.14,74,0.227,8.87,39.12,47
0.218,8.5058,5,5,100,SMA,44,SMA,True,True,True,3.0,1.25,True,6.0,D,14.285,814.2,57.0,108,16.944,661.55,39.04,23,2.146,43.04,20.06,13,8.936,509.32,57.0,70,0.218,12.45,57.0,53
0.218,21.035,5,5,100,SMA,60,SMA,True,True,True,4.0,1.0,True,6.0,D,15.447,941.68,60.96,94,76.386,2182.17,28.57,19,1.512,24.37,16.12,9,11.612,707.94,60.96,63,0.218,12.18,55.82,46
0.185,5.0556,5,5,130,SMA,30,SMA,True,True,True,2.0,1.0,True,9.0,D,2.41,115.47,47.91,107,14.127,141.93,10.05,8,7.419,75.08,10.12,14,1.137,54.45,47.91,74,0.185,7.19,38.77,47
0.181,7.267999999999999,5,5,100,SMA,60,SMA,True,True,True,3.0,2.0,True,6.0,D,6.704,428.01,63.85,94,17.403,883.72,50.78,19,5.98,101.31,16.94,9,6.072,387.68,63.85,63,0.181,10.72,59.08,46
0.156,6.636399999999999,5,5,100,SMA,44,SMA,True,True,True,2.0,1.0,True,6.0,D,6.334,296.74,46.85,107,20.649,507.9,24.6,22,1.444,28.07,19.43,13,4.599,215.44,46.85,70,0.156,7.31,46.85,53
0.156,8.562999999999999,5,5,100,SMA,44,SMA,True,True,True,4.0,1.0,True,4.0,D,10.806,576.76,53.37,108,22.862,958.64,41.93,23,2.357,35.91,15.23,13,6.634,354.07,53.37,70,0.156,8.34,53.37,53
0.153,5.1994,5,5,100,SMA,30,SMA,True,True,True,2.0,1.25,True,4.0,D,3.371,175.11,51.94,135,12.859,583.54,45.38,29,7.26,95.06,13.09,17,2.354,122.25,51.94,87,0.153,6.65,43.42,60
0.133,5.4424,5,5,100,SMA,44,SMA,True,True,True,3.0,1.0,True,4.0,D,5.875,270.04,45.96,108,14.492,610.63,42.14,23,2.687,40.93,15.23,13,4.025,185.0,45.96,70,0.133,6.1,45.96,53
0.128,6.8512,5,5,100,SMA,44,SMA,True,True,True,2.0,1.25,True,6.0,D,6.384,322.59,50.53,107,21.836,531.67,24.35,22,2.177,43.66,20.06,13,3.731,188.52,50.53,70,0.128,6.46,50.53,53
0.128,6.0296,5,5,100,SMA,44,SMA,True,True,True,2.0,2.0,True,4.0,D,9.165,385.64,42.08,108,6.464,289.01,44.71,23,8.408,129.49,15.4,13,5.983,251.74,42.08,70,0.128,5.4,42.08,53
0.124,5.8482,5,5,130,SMA,30,SMA,True,True,True,2.0,2.0,False,2.0,D,2.751,146.53,53.26,107,13.942,194.07,13.92,8,11.589,178.9,15.44,14,0.835,44.5,53.26,74,0.124,5.71,45.85,47
0.121,3.9318000000000004,5,5,130,SMA,30,SMA,True,True,True,3.0,1.25,True,9.0,D,3.47,196.14,56.52,107,8.012,134.95,16.84,8,6.299,94.14,14.95,14,1.757,99.3,56.52,74,0.121,6.16,50.78,47
0.1,3.7376000000000005,5,5,130,SMA,30,SMA,True,True,True,2.0,1.0,True,12.0,D,1.888,89.84,47.59,107,10.055,130.85,13.01,8,5.691,68.29,12.0,14,0.954,45.4,47.59,74,0.1,4.16,41.47,47
0.097,9.5524,5,5,100,SMA,60,SMA,True,True,True,2.0,1.25,False,2.0,D,1.67,106.56,63.81,93,44.178,1013.89,22.95,18,0.179,5.14,28.77,9,1.638,104.53,63.81,63,0.097,5.59,57.84,46
0.091,3.2893999999999997,5,5,130,SMA,30,SMA,True,True,True,3.0,2.0,True,9.0,D,2.911,177.31,60.91,107,2.57,62.79,24.43,8,9.731,190.09,19.53,14,1.144,69.68,60.91,74,0.091,5.11,56.4,47
0.084,4.417,5,5,130,SMA,30,SMA,True,True,True,2.0,1.25,True,12.0,D,2.134,104.58,49.0,107,11.02,146.18,13.27,8,7.994,95.93,12.0,14,0.853,41.78,49.0,74,0.084,3.67,43.77,47
0.074,4.772600000000001,5,5,100,SMA,30,SMA,True,True,True,2.0,1.0,True,4.0,D,2.724,142.49,52.32,135,13.724,609.97,44.45,29,5.052,64.57,12.78,17,2.289,119.76,52.32,87,0.074,3.27,43.86,60
0.073,2.79,5,5,130,SMA,30,SMA,True,True,True,4.0,1.0,True,12.0,D,2.792,181.94,65.17,107,5.961,131.46,22.05,8,3.245,53.9,16.61,14,1.879,122.46,65.17,74,0.073,3.96,54.27,47
0.068,6.055000000000001,5,5,100,SMA,60,SMA,True,True,True,2.0,1.25,True,9.0,D,1.647,101.47,61.6,93,25.579,862.14,33.71,18,1.381,28.28,20.48,9,1.6,98.55,61.6,63,0.068,3.66,53.62,46
0.065,6.188000000000001,5,5,100,SMA,60,SMA,True,True,True,2.0,1.0,True,9.0,D,1.691,100.05,59.17,93,26.43,847.76,32.08,18,0.853,16.26,19.06,9,1.901,112.47,59.17,63,0.065,3.31,50.7,46
0.065,3.1258000000000004,5,5,100,SMA,60,SMA,True,True,True,2.0,2.0,True,9.0,D,1.162,77.9,67.02,93,9.63,520.16,54.01,18,3.699,77.98,21.08,9,1.073,71.88,67.02,63,0.065,3.92,60.17,46
0.062,3.2212000000000005,5,5,130,SMA,30,SMA,True,True,True,4.0,1.25,True,12.0,D,3.161,208.98,66.11,107,6.658,146.82,22.05,8,4.481,79.55,17.75,14,1.744,115.31,66.11,74,0.062,3.47,56.07,47
0.059,10.056999999999999,5,5,100,SMA,60,SMA,True,True,True,3.0,1.25,True,9.0,D,3.293,226.84,68.88,93,42.812,1502.19,35.09,18,0.638,15.12,23.71,9,3.483,239.92,68.88,63,0.059,3.7,62.42,46
0.058,4.7484,5,5,100,SMA,60,SMA,True,True,True,3.0,2.0,True,9.0,D,2.443,179.0,73.27,93,16.259,929.44,57.17,18,2.461,60.65,24.64,9,2.521,184.74,73.27,63,0.058,3.96,67.72,46
0.058,9.8732,5,5,100,SMA,60,SMA,True,True,True,4.0,1.25,True,9.0,D,5.831,436.7,74.89,94,36.592,1614.07,44.11,19,0.638,15.12,23.71,9,6.247,467.84,74.89,63,0.058,4.05,69.68,46
0.058,5.497999999999999,5,5,100,SMA,60,SMA,True,True,True,4.0,2.0,True,9.0,D,4.44,348.22,78.44,94,15.856,1000.84,63.12,19,2.461,60.65,24.64,9,4.675,366.69,78.44,63,0.058,4.31,73.96,46
0.056,9.5686,5,5,100,SMA,60,SMA,True,True,True,3.0,1.0,True,9.0,D,3.347,223.96,66.91,93,40.24,1478.11,36.73,18,0.184,4.11,22.35,9,4.016,268.73,66.91,63,0.056,3.35,60.04,46
0.055,9.622599999999998,5,5,100,SMA,60,SMA,True,True,True,4.0,1.0,True,9.0,D,5.885,431.38,73.31,94,34.887,1588.29,45.53,19,0.184,4.11,22.35,9,7.102,520.65,73.31,63,0.055,3.7,67.77,46
0.054,9.8224,5,5,100,SMA,60,SMA,True,True,True,2.0,2.0,True,12.0,D,1.892,128.07,67.7,93,43.994,1117.69,25.41,18,2.236,56.11,25.09,9,0.936,63.36,67.7,63,0.054,3.38,62.37,46
0.054,11.346799999999998,5,5,100,SMA,60,SMA,True,True,True,4.0,2.0,True,6.0,D,13.08,836.69,63.97,94,27.4,1391.37,50.78,19,5.98,101.31,16.94,9,10.22,653.77,63.97,63,0.054,3.18,59.22,46
0.052,11.347000000000001,5,5,100,SMA,60,SMA,True,True,True,2.0,1.0,True,12.0,D,1.961,115.87,59.07,93,52.523,1053.5,20.06,18,0.316,6.87,21.73,9,1.883,111.24,59.07,63,0.052,2.71,52.32,46
0.051,14.475200000000001,5,5,100,SMA,44,SMA,True,True,True,2.0,1.0,False,2.0,D,4.544,239.86,52.79,107,63.829,1417.36,22.21,22,0.282,8.59,30.41,13,3.67,193.74,52.79,70,0.051,2.71,52.79,53
0.043,4.9072000000000005,5,5,100,SMA,60,SMA,True,True,True,2.0,2.0,True,6.0,D,2.554,148.52,58.15,93,13.551,619.47,45.71,18,5.98,101.31,16.94,9,2.408,139.99,58.15,63,0.043,2.24,52.63,46
0.038,10.5474,5,5,100,SMA,60,SMA,True,True,True,2.0,1.25,True,12.0,D,1.823,113.3,62.14,93,48.562,1050.22,21.63,18,0.79,18.21,23.05,9,1.524,94.68,62.14,63,0.038,2.13,55.9,46
0.038,14.171600000000002,5,5,100,SMA,44,SMA,True,True,True,4.0,1.0,True,6.0,D,26.44,1426.39,53.95,108,25.852,1009.32,39.04,23,1.386,26.94,19.43,13,17.142,924.8,53.95,70,0.038,2.04,53.95,53
0.037,9.133999999999999,5,5,100,SMA,44,SMA,True,True,True,2.0,1.0,True,9.0,D,4.422,216.4,48.93,107,36.122,1132.73,31.36,22,1.108,24.66,22.26,13,3.981,194.78,48.93,70,0.037,1.8,48.93,53
0.036,14.735400000000002,5,5,100,SMA,30,SMA,True,True,True,4.0,1.25,True,4.0,D,5.611,340.95,60.77,135,58.607,2886.02,49.24,29,6.632,86.84,13.09,17,2.791,169.6,60.77,87,0.036,2.16,60.77,60
0.036,5.5686,5,5,130,SMA,30,SMA,True,True,True,2.0,1.25,True,9.0,D,2.463,121.45,49.32,107,15.306,157.79,10.31,8,9.136,103.66,11.35,14,0.902,44.48,49.32,74,0.036,1.65,45.34,47
0.033,2.2896,5,5,130,SMA,60,SMA,True,True,True,4.0,1.0,False,2.0,D,3.946,287.1,72.76,68,2.535,62.52,24.66,5,0.033,1.01,30.87,6,4.47,325.2,72.76,50,0.464,25.49,54.92,32
0.032,7.140799999999999,5,5,100,SMA,60,SMA,True,True,True,2.0,2.0,False,2.0,D,1.176,84.23,71.61,93,32.577,950.49,29.18,18,1.086,35.27,32.47,9,0.833,59.62,71.61,63,0.032,2.17,66.92,46
0.031,2.7077999999999998,5,5,130,SMA,30,SMA,True,True,True,3.0,1.0,False,2.0,D,1.902,115.97,60.97,107,8.787,165.04,18.78,8,1.655,38.32,23.15,14,1.164,70.97,60.97,74,0.031,1.57,50.55,47
0.028,2.3388,5,5,130,SMA,60,SMA,True,True,True,3.0,2.0,True,12.0,D,2.525,173.42,68.67,68,0.028,0.95,33.42,5,7.052,121.21,17.19,6,1.672,114.83,68.67,50,0.417,21.61,51.76,32
0.025,8.773399999999999,5,5,100,SMA,44,SMA,True,True,True,2.0,1.25,True,9.0,D,4.241,221.47,52.22,107,34.763,1155.27,33.23,22,1.479,36.08,24.4,13,3.359,175.41,52.22,70,0.025,1.3,52.22,53
0.023,13.057999999999998,5,5,100,SMA,44,SMA,True,True,True,2.0,1.25,False,2.0,D,4.175,236.17,56.57,107,57.483,1403.96,24.42,22,0.586,18.92,32.28,13,3.023,170.99,56.57,70,0.023,1.31,56.57,53
0.022,14.102,5,5,100,SMA,44,SMA,True,True,True,4.0,1.25,True,6.0,D,27.027,1544.34,57.14,108,26.974,1053.16,39.04,23,2.115,42.42,20.06,13,14.372,821.22,57.14,70,0.022,1.27,57.14,53
0.021,3.0802000000000005,5,5,130,SMA,30,SMA,True,True,True,3.0,1.25,False,2.0,D,2.075,128.72,62.03,107,9.569,181.99,19.02,8,2.669,61.8,23.15,14,1.067,66.18,62.03,74,0.021,1.09,51.41,47
0.013,3.873,5,5,130,SMA,30,SMA,True,True,True,2.0,2.0,True,9.0,D,2.005,109.12,54.43,107,4.222,80.62,19.1,8,12.628,203.68,16.13,14,0.497,27.07,54.43,74,0.013,0.67,51.58,47
0.004,3.1832000000000003,5,5,130,SMA,60,SMA,True,True,True,2.0,2.0,True,9.0,D,1.791,103.77,57.94,68,0.004,0.11,25.31,5,12.208,146.22,11.98,6,1.279,74.1,57.94,50,0.634,28.14,44.4,32
0.0,6.6648,4,5,100,SMA,44,SMA,True,True,True,3.0,1.0,True,9.0,D,8.192,470.36,57.42,107,17.511,729.77,41.68,22,0.444,11.3,25.42,13,7.177,412.08,57.42,70,0.0,0.01,57.42,53
-0.008,6.725999999999999,4,5,100,SMA,44,SMA,True,True,True,3.0,1.25,True,9.0,D,7.993,480.86,60.16,107,18.633,744.87,39.98,22,0.791,21.73,27.47,13,6.221,374.29,60.16,70,-0.008,-0.47,60.16,53
-0.008,7.184399999999999,4,5,100,SMA,44,SMA,True,True,True,4.0,1.0,True,9.0,D,11.907,777.43,65.29,108,11.227,647.4,57.67,23,0.425,10.79,25.42,13,12.371,807.7,65.29,70,-0.008,-0.51,65.29,53
-0.011,16.0558,4,5,100,SMA,44,SMA,True,True,True,2.0,1.0,True,12.0,D,4.97,251.58,50.62,107,71.022,1479.96,20.84,22,0.79,19.61,24.83,13,3.508,177.54,50.62,70,-0.011,-0.57,50.62,53
-0.015,7.027600000000001,4,5,100,SMA,44,SMA,True,True,True,4.0,1.25,True,9.0,D,11.765,794.5,67.53,108,11.713,660.98,56.43,23,0.771,21.18,27.47,13,10.904,736.36,67.53,70,-0.015,-0.98,67.53,53
-0.016,14.798199999999998,4,5,100,SMA,30,SMA,True,True,True,4.0,1.0,True,4.0,D,4.664,280.64,60.17,135,62.082,3003.23,48.38,29,4.496,57.46,12.78,17,2.765,166.37,60.17,87,-0.016,-0.96,60.17,60
-0.016,9.027400000000002,4,5,100,SMA,44,SMA,True,True,True,4.0,2.0,True,4.0,D,11.952,721.37,60.35,108,19.879,881.09,44.32,23,7.853,120.94,15.4,13,5.469,330.1,60.35,70,-0.016,-0.99,60.35,53
-0.031,4.2492,4,5,130,SMA,30,SMA,True,True,True,3.0,2.0,False,2.0,D,2.425,157.86,65.1,107,11.88,234.38,19.73,8,6.175,142.98,23.15,14,0.797,51.87,65.1,74,-0.031,-1.69,55.27,47
-0.034,4.142,4,5,100,SMA,44,SMA,True,True,True,2.0,2.0,True,9.0,D,2.443,147.63,60.42,107,13.164,692.11,52.57,22,3.187,83.38,26.16,13,1.95,117.81,60.42,70,-0.034,-2.08,60.42,53
-0.035,14.9338,4,5,100,SMA,44,SMA,True,True,True,2.0,1.25,True,12.0,D,4.585,250.18,54.57,107,66.107,1480.22,22.39,22,1.146,30.76,26.84,13,2.866,156.41,54.57,70,-0.035,-1.89,54.57,53
-0.039,5.6815999999999995,4,5,100,SMA,44,SMA,True,True,True,3.0,2.0,True,6.0,D,9.121,526.57,57.73,108,6.378,374.25,58.68,23,4.41,98.04,22.23,13,8.538,492.91,57.73,70,-0.039,-2.24,57.73,53
-0.053,14.606199999999998,4,5,100,SMA,44,SMA,True,True,True,2.0,2.0,True,12.0,D,4.533,280.59,61.89,107,64.564,1585.67,24.56,22,2.178,67.4,30.95,13,1.809,111.94,61.89,70,-0.053,-3.31,61.89,53
-0.053,6.0636,4,5,100,SMA,44,SMA,True,True,True,3.0,2.0,True,4.0,D,6.297,340.35,54.05,108,12.554,558.89,44.52,23,8.347,128.56,15.4,13,3.173,171.48,54.05,70,-0.053,-2.88,54.05,53
-0.054,11.0452,4,5,100,SMA,60,SMA,True,True,True,4.0,2.0,True,12.0,D,3.532,283.74,80.34,93,47.665,2059.36,43.21,18,0.972,29.64,30.5,9,3.111,249.92,80.34,63,-0.054,-4.05,74.61,46
-0.055,6.4646,4,5,100,SMA,30,SMA,True,True,True,2.0,1.0,True,6.0,D,1.871,106.33,56.83,134,26.215,858.15,32.74,28,2.908,47.32,16.27,17,1.384,78.68,56.83,87,-0.055,-2.45,44.71,60
-0.056,3.616199999999999,4,5,100,SMA,44,SMA,True,True,True,3.0,2.0,True,9.0,D,4.893,327.79,67.0,107,7.109,434.79,61.17,22,2.226,64.89,29.16,13,3.909,261.89,67.0,70,-0.056,-3.74,67.0,53
-0.056,7.498399999999999,4,5,100,SMA,60,SMA,True,True,True,3.0,2.0,True,12.0,D,1.951,147.85,75.77,93,32.312,1396.04,43.21,18,1.72,46.67,27.13,9,1.565,118.57,75.77,63,-0.056,-3.84,68.72,46
-0.058,4.4198,4,5,100,SMA,44,SMA,True,True,True,4.0,2.0,True,9.0,D,7.464,545.63,73.1,108,5.32,382.05,71.81,23,2.202,64.2,29.16,13,7.171,524.22,73.1,70,-0.058,-4.21,73.1,53
-0.061,2.637,4,5,130,SMA,30,SMA,True,True,True,4.0,2.0,True,12.0,D,2.451,168.79,68.86,107,1.874,63.27,33.76,8,7.733,163.34,21.12,14,1.188,81.84,68.86,74,-0.061,-3.96,64.6,47
-0.066,9.7244,4,5,100,SMA,44,SMA,True,True,True,2.0,2.0,False,2.0,D,2.991,198.93,66.51,107,42.749,1328.61,31.08,22,1.274,48.09,37.75,13,1.674,111.33,66.51,70,-0.066,-4.37,66.51,53
-0.069,3.3798000000000004,4,5,130,SMA,30,SMA,True,True,True,2.0,2.0,True,12.0,D,1.505,82.67,54.93,107,2.58,62.79,24.34,8,12.431,186.25,14.98,14,0.452,24.82,54.93,74,-0.069,-3.79,54.68,47
-0.074,4.5604,4,5,130,SMA,30,SMA,True,True,True,3.0,1.0,True,12.0,D,2.205,130.63,59.24,107,14.645,190.57,13.01,8,5.007,62.89,12.56,14,1.019,60.39,59.24,74,-0.074,-3.93,53.39,47
-0.076,7.7672,4,5,100,SMA,30,SMA,True,True,True,3.0,1.0,True,6.0,D,3.453,220.75,63.92,135,29.508,1426.93,48.36,29,2.89,47.02,16.27,17,3.061,195.7,63.92,87,-0.076,-4.09,53.79,60
-0.078,7.0367999999999995,4,5,100,SMA,60,SMA,True,True,True,3.0,1.25,True,12.0,D,1.831,131.1,71.61,93,30.663,1312.98,42.82,18,0.426,10.7,25.14,9,2.342,167.71,71.61,63,-0.078,-4.92,63.34,46
-0.079,5.121999999999999,4,5,130,SMA,30,SMA,True,True,True,3.0,1.25,True,12.0,D,2.499,150.81,60.34,107,15.733,208.72,13.27,8,6.528,89.77,13.75,14,0.929,56.08,60.34,74,-0.079,-4.36,55.22,47
-0.08,7.421199999999999,4,5,100,SMA,30,SMA,True,True,True,2.0,1.25,True,6.0,D,1.896,113.41,59.83,134,30.516,895.5,29.35,28,3.721,68.52,18.41,17,1.053,62.97,59.83,87,-0.08,-3.88,48.54,60
-0.081,7.888599999999999,4,5,100,SMA,30,SMA,True,True,True,3.0,1.25,True,4.0,D,2.559,150.01,58.62,135,28.43,1399.99,49.24,29,7.231,94.68,13.09,17,1.304,76.44,58.62,87,-0.081,-4.75,58.62,60
-0.096,8.418400000000002,4,5,100,SMA,30,SMA,True,True,True,3.0,1.25,True,6.0,D,3.526,234.23,66.42,135,32.495,1486.79,45.76,29,3.703,68.19,18.41,17,2.464,163.64,66.42,87,-0.096,-5.48,57.0,60
-0.098,4.7238,4,5,100,SMA,44,SMA,True,True,True,3.0,1.0,True,12.0,D,6.037,348.71,57.76,107,10.927,575.7,52.69,22,0.429,11.52,26.87,13,6.324,365.3,57.76,70,-0.098,-5.65,57.76,53
-0.105,6.036,4,5,130,SMA,44,SMA,True,True,True,4.0,1.0,False,2.0,D,12.572,749.31,59.6,81,7.831,193.12,24.66,6,-0.105,-3.24,30.87,10,9.574,570.61,59.6,57,0.308,18.37,59.6,39
-0.11,4.280799999999999,4,5,100,SMA,30,SMA,True,True,True,2.0,1.0,False,2.0,D,0.84,52.05,61.94,134,18.711,880.47,47.06,28,1.066,28.56,26.78,17,0.897,55.58,61.94,87,-0.11,-5.6,50.89,60
-0.112,4.5364,4,5,100,SMA,44,SMA,True,True,True,3.0,1.25,True,12.0,D,5.672,346.81,61.14,107,11.034,575.81,52.18,22,0.766,22.07,28.83,13,5.322,325.39,61.14,70,-0.112,-6.84,61.14,53
-0.12,4.8104,4,5,100,SMA,44,SMA,True,True,True,3.0,2.0,True,12.0,D,5.757,388.08,67.41,107,13.106,620.37,47.34,22,1.728,56.71,32.82,13,3.581,241.39,67.41,70,-0.12,-8.11,67.41,53
-0.126,7.0488,4,5,100,SMA,44,SMA,True,True,True,4.0,1.25,True,12.0,D,9.315,629.13,67.54,107,17.311,926.09,53.5,22,0.216,6.94,32.13,13,8.528,575.93,67.54,70,-0.126,-8.53,67.54,53
-0.129,7.686800000000001,4,5,100,SMA,30,SMA,True,True,True,3.0,1.0,True,4.0,D,2.097,121.58,57.98,135,30.152,1458.61,48.38,29,5.026,64.24,12.78,17,1.288,74.69,57.98,87,-0.129,-7.48,57.98,60
-0.134,3.5696,4,5,100,SMA,44,SMA,True,True,True,2.0,2.0,True,6.0,D,3.978,204.42,51.38,107,6.02,294.39,48.9,22,4.446,98.86,22.23,13,3.538,181.8,51.38,70,-0.134,-6.87,51.38,53
-0.134,16.3792,4,5,100,SMA,44,SMA,True,True,True,3.0,2.0,False,2.0,D,4.405,323.61,73.47,107,74.144,2720.46,36.69,22,0.42,19.44,46.33,13,3.061,224.87,73.47,70,-0.134,-9.87,73.47,53
-0.134,7.382199999999999,4,5,100,SMA,44,SMA,True,True,True,4.0,2.0,True,12.0,D,9.649,702.15,72.77,107,20.382,994.24,48.78,22,1.06,38.1,35.94,13,5.954,433.31,72.77,70,-0.134,-9.75,72.77,53
-0.136,3.4129999999999994,4,5,100,SMA,30,SMA,True,True,True,2.0,1.0,True,9.0,D,0.927,54.84,59.17,134,12.818,628.89,49.06,28,2.579,46.96,18.21,17,0.877,51.87,59.17,87,-0.136,-6.38,46.88,60
-0.151,4.191,4,5,100,SMA,30,SMA,True,True,True,2.0,1.25,False,2.0,D,0.772,50.2,64.99,134,17.943,871.45,48.57,28,1.68,46.68,27.78,17,0.711,46.18,64.99,87,-0.151,-8.3,54.82,60
-0.151,5.9302,4,5,100,SMA,30,SMA,True,True,True,2.0,2.0,True,4.0,D,3.478,176.7,50.8,135,9.579,496.53,51.83,29,14.562,204.31,14.03,17,2.183,110.89,50.8,87,-0.151,-6.42,42.58,60
-0.152,13.2882,4,5,100,SMA,30,SMA,True,True,True,4.0,2.0,True,4.0,D,5.271,343.89,65.24,135,45.26,2500.13,55.24,29,13.689,192.07,14.03,17,2.373,154.8,65.24,87,-0.152,-9.91,65.24,60
-0.154,2.0548,4,5,130,SMA,30,SMA,True,True,True,4.0,1.0,False,2.0,D,1.298,92.56,71.32,107,7.754,191.22,24.66,8,0.553,17.07,30.87,14,0.823,58.72,71.32,74,-0.154,-9.44,61.22,47
-0.159,2.3324,4,5,130,SMA,30,SMA,True,True,True,4.0,1.25,False,2.0,D,1.43,103.12,72.09,107,8.417,209.41,24.88,8,1.218,37.61,30.87,14,0.756,54.49,72.09,74,-0.159,-9.82,61.89,47
-0.161,4.6659999999999995,4,5,130,SMA,30,SMA,True,True,True,2.0,2.0,True,6.0,D,2.814,131.22,46.63,107,2.684,46.62,17.37,8,16.587,234.56,14.14,14,1.406,65.55,46.63,74,-0.161,-7.28,45.11,47
-0.169,3.4092,4,5,130,SMA,30,SMA,True,True,True,3.0,2.0,True,12.0,D,1.867,120.81,64.7,107,4.519,110.01,24.34,8,10.274,177.65,17.29,14,0.555,35.92,64.7,74,-0.169,-10.81,63.91,47
-0.172,4.3542,4,5,100,SMA,30,SMA,True,True,True,2.0,1.0,True,12.0,D,1.025,61.61,60.11,134,18.268,808.73,44.27,28,1.97,41.18,20.91,17,0.68,40.85,60.11,87,-0.172,-8.38,48.63,60
-0.174,3.689,4,5,100,SMA,30,SMA,True,True,True,2.0,1.25,True,9.0,D,0.943,58.29,61.8,134,13.483,641.81,47.6,28,3.478,67.21,19.33,17,0.715,44.17,61.8,87,-0.174,-8.73,50.31,60
-0.188,10.570599999999999,4,5,100,SMA,60,SMA,True,True,True,2.0,1.0,False,2.0,D,1.81,110.18,60.88,93,49.107,1027.18,20.92,18,-0.188,-5.19,27.55,9,2.01,122.36,60.88,63,0.114,6.2,54.42,46
-0.188,9.1616,4,5,100,SMA,44,SMA,True,True,True,4.0,2.0,True,6.0,D,17.365,1005.04,57.88,108,10.515,615.5,58.54,23,4.373,97.22,22.23,13,13.743,795.39,57.88,70,-0.188,-10.87,57.88,53
-0.188,3.2009999999999996,4,5,130,SMA,30,SMA,True,True,True,4.0,2.0,False,2.0,D,1.712,127.26,74.36,107,10.401,265.61,25.54,8,3.517,108.59,30.87,14,0.563,41.86,74.36,74,-0.188,-12.08,64.18,47
-0.196,7.320400000000001,4,5,100,SMA,30,SMA,True,True,True,3.0,1.0,True,9.0,D,1.507,104.01,69.03,134,32.301,1632.56,50.54,28,1.485,31.97,21.53,17,1.505,103.93,69.03,87,-0.196,-10.73,54.84,60
-0.205,5.5888,4,5,100,SMA,30,SMA,True,True,True,3.0,1.0,False,2.0,D,0.519,37.95,73.19,134,26.628,1655.24,62.16,28,0.09,3.33,36.88,17,0.912,66.77,73.19,87,-0.205,-12.4,60.34,60
-0.207,4.3798,4,5,100,SMA,30,SMA,True,True,True,2.0,1.25,True,12.0,D,0.998,63.18,63.3,134,17.823,808.5,45.36,28,2.764,60.75,21.98,17,0.521,33.01,63.3,87,-0.207,-10.92,52.74,60
-0.211,12.8126,4,5,100,SMA,30,SMA,True,True,True,4.0,1.0,True,6.0,D,6.689,428.38,64.05,135,49.633,2667.79,53.75,29,2.871,46.72,16.27,17,5.081,325.43,64.05,87,-0.211,-13.25,62.73,60
-0.222,2.7194000000000003,4,5,100,SMA,30,SMA,True,True,True,2.0,2.0,True,9.0,D,0.6,41.0,68.35,134,7.126,436.11,61.2,28,5.806,137.48,23.68,17,0.287,19.64,68.35,87,-0.222,-13.05,58.83,60
-0.223,7.742200000000001,4,5,100,SMA,30,SMA,True,True,True,3.0,1.25,True,9.0,D,1.545,109.73,71.03,134,33.866,1663.61,49.12,28,2.234,50.48,22.6,17,1.289,91.53,71.03,87,-0.223,-12.86,57.75,60
-0.224,13.682999999999998,4,5,100,SMA,30,SMA,True,True,True,4.0,1.25,True,6.0,D,6.815,453.48,66.54,135,54.002,2776.73,51.42,29,3.685,67.85,18.41,17,4.137,275.25,66.54,87,-0.224,-14.37,64.03,60
-0.231,5.514199999999999,4,5,100,SMA,30,SMA,True,True,True,3.0,1.25,False,2.0,D,0.484,36.46,75.33,134,26.081,1638.99,62.84,28,0.491,18.54,37.74,17,0.746,56.2,75.33,87,-0.231,-14.7,63.51,60
-0.241,7.9201999999999995,4,5,100,SMA,30,SMA,True,True,True,3.0,2.0,True,4.0,D,2.39,151.39,63.33,135,21.85,1206.99,55.24,29,14.522,203.75,14.03,17,1.08,68.43,63.33,87,-0.241,-15.28,63.33,60
-0.255,4.711,4,5,100,SMA,30,SMA,True,True,True,3.0,1.0,True,12.0,D,0.774,53.38,69.02,134,20.622,1262.08,61.2,28,1.398,32.22,23.05,17,1.016,70.1,69.02,87,-0.255,-14.07,55.2,60
-0.257,3.9210000000000003,4,5,100,SMA,30,SMA,True,True,True,2.0,2.0,False,2.0,D,0.523,38.16,73.0,134,15.586,827.54,53.1,28,3.45,106.06,30.75,17,0.303,22.13,73.0,87,-0.257,-16.77,65.16,60
-0.258,5.0278,4,5,100,SMA,30,SMA,True,True,True,2.0,2.0,True,12.0,D,1.105,76.47,69.22,134,19.255,873.47,45.36,28,4.796,120.78,25.18,17,0.241,16.7,69.22,87,-0.258,-15.6,60.36,60
-0.258,4.9078,4,5,100,SMA,30,SMA,True,True,True,3.0,2.0,True,9.0,D,1.067,81.12,76.0,134,18.76,1169.27,62.33,28,4.285,114.75,26.78,17,0.685,52.09,76.0,87,-0.258,-16.77,65.0,60
-0.258,6.4718,4,5,100,SMA,30,SMA,True,True,True,4.0,1.0,True,9.0,D,1.733,132.09,76.2,135,27.013,1811.79,67.07,29,1.472,31.69,21.53,17,2.399,182.78,76.2,87,-0.258,-16.82,65.29,60
-0.276,6.75,4,5,100,SMA,30,SMA,True,True,True,4.0,1.25,True,9.0,D,1.789,139.1,77.73,135,27.917,1846.08,66.13,29,2.22,50.18,22.6,17,2.1,163.28,77.73,87,-0.276,-18.64,67.53,60
-0.277,4.8347999999999995,4,5,100,SMA,30,SMA,True,True,True,3.0,1.25,True,12.0,D,0.767,54.8,71.5,134,20.75,1261.73,60.81,28,2.106,50.77,24.1,17,0.828,59.18,71.5,87,-0.277,-16.27,58.79,60
-0.298,8.879,4,5,100,SMA,30,SMA,True,True,True,4.0,1.0,True,12.0,D,1.053,81.22,77.12,134,41.624,2621.39,62.98,28,0.614,16.36,26.62,17,1.402,108.13,77.12,87,-0.298,-18.45,61.85,60
-0.3,4.767799999999999,4,5,100,SMA,30,SMA,True,True,True,4.0,2.0,True,9.0,D,1.275,104.02,81.55,135,17.353,1300.08,74.92,29,4.27,114.34,26.78,17,1.241,101.23,81.55,87,-0.3,-21.97,73.1,60
-0.305,5.1354,4,5,100,SMA,30,SMA,True,True,True,3.0,2.0,False,2.0,D,0.331,26.77,80.98,134,23.594,1559.89,66.11,28,1.697,68.39,40.29,17,0.36,29.12,80.98,87,-0.305,-21.93,71.86,60
-0.311,5.8026,4,5,100,SMA,30,SMA,True,True,True,3.0,2.0,True,12.0,D,0.877,66.76,76.09,134,24.013,1359.61,56.62,28,3.955,107.63,27.22,17,0.479,36.47,76.09,87,-0.311,-20.34,65.44,60
-0.314,8.9958,4,5,100,SMA,30,SMA,True,True,True,4.0,1.25,True,12.0,D,1.053,83.17,78.95,134,41.863,2620.69,62.6,28,1.197,33.07,27.62,17,1.18,93.2,78.95,87,-0.314,-20.4,64.91,60
-0.317,6.1002,4,5,100,SMA,30,SMA,True,True,True,3.0,2.0,True,6.0,D,2.733,183.11,67.0,135,17.054,1022.65,59.97,29,8.658,167.03,19.29,17,2.373,158.96,67.0,87,-0.317,-18.3,57.73,60
-0.34,10.490599999999999,4,5,100,SMA,30,SMA,True,True,True,4.0,2.0,True,12.0,D,1.21,99.65,82.35,134,48.071,2817.23,58.61,28,2.757,84.33,30.59,17,0.755,62.17,82.35,87,-0.34,-24.0,70.57,60
-0.347,4.686,4,5,100,SMA,30,SMA,True,True,True,2.0,2.0,True,6.0,D,1.43,86.57,60.52,134,12.661,605.89,47.86,28,8.683,167.53,19.29,17,1.003,60.68,60.52,87,-0.347,-17.14,49.43,60
-0.364,5.873,4,5,100,SMA,30,SMA,True,True,True,4.0,2.0,False,2.0,D,0.067,5.81,86.89,134,28.719,2211.27,77.0,28,0.684,33.81,49.41,17,0.259,22.53,86.89,87,-0.364,-28.22,77.6,60
-0.373,9.542,4,5,100,SMA,30,SMA,True,True,True,4.0,2.0,True,6.0,D,5.339,358.32,67.11,135,30.12,1932.1,64.15,29,8.632,166.53,19.29,17,3.992,267.91,67.11,87,-0.373,-24.74,66.39,60
-0.402,2.3548,4,5,130,SMA,60,SMA,True,True,True,2.0,2.0,True,12.0,D,1.816,101.69,56.0,68,-0.402,-12.11,30.16,5,8.619,128.25,14.88,6,1.144,64.08,56.0,50,0.597,26.22,43.89,32
-2.519,2.9432,4,5,130,SMA,30,SMA,True,True,True,2.0,1.0,True,4.0,D,2.953,114.3,38.71,107,-2.519,-50.94,20.22,8,10.026,91.71,9.15,14,3.222,124.74,38.71,74,1.034,29.73,28.76,47
-2.519,3.9298,4,5,130,SMA,44,SMA,True,True,True,2.0,1.0,True,4.0,D,5.615,185.52,33.04,81,-2.519,-45.04,17.88,6,5.373,62.87,11.7,10,9.196,256.02,27.84,57,1.984,50.11,25.25,39
-2.519,4.2378,4,5,130,SMA,60,SMA,True,True,True,2.0,1.0,True,4.0,D,4.775,177.7,37.21,68,-2.519,-46.51,18.46,5,10.366,71.82,6.93,6,6.162,229.32,37.21,50,2.405,62.72,26.08,32
-2.519,3.8034,4,5,130,SMA,30,SMA,True,True,True,2.0,1.25,True,4.0,D,3.708,144.85,39.06,107,-2.519,-48.03,19.07,8,13.596,128.8,9.47,14,3.169,123.76,39.06,74,1.063,32.59,30.65,47
-2.519,4.5116,4,5,130,SMA,44,SMA,True,True,True,2.0,1.25,True,4.0,D,6.578,217.37,33.04,81,-2.519,-45.04,17.88,6,7.388,86.77,11.75,10,8.957,253.02,28.25,57,2.154,56.48,26.22,39
-2.519,5.237799999999999,4,5,130,SMA,60,SMA,True,True,True,2.0,1.25,True,4.0,D,5.582,211.11,37.82,68,-2.519,-46.51,18.46,5,14.483,97.04,6.7,6,6.019,227.65,37.82,50,2.624,70.31,26.79,32
-2.519,5.99,4,5,130,SMA,30,SMA,True,True,True,2.0,2.0,True,4.0,D,3.845,148.87,38.72,108,-2.519,-70.18,27.86,8,25.172,263.02,10.45,14,2.985,115.6,38.72,75,0.467,16.02,34.3,47
-2.519,5.5866,4,5,130,SMA,44,SMA,True,True,True,2.0,2.0,True,4.0,D,6.942,229.37,33.04,81,-2.519,-45.04,17.88,6,14.033,166.66,11.88,10,8.33,256.12,30.75,57,1.147,35.27,30.75,39
-2.519,8.684999999999999,4,5,130,SMA,60,SMA,True,True,True,2.0,2.0,True,4.0,D,7.012,267.92,38.21,68,-2.519,-46.51,18.46,5,30.127,181.24,6.02,6,6.539,249.84,38.21,50,2.266,61.73,27.25,32
-2.519,2.5119999999999996,4,5,130,SMA,30,SMA,True,True,True,3.0,1.0,True,6.0,D,2.931,145.7,49.71,107,-2.519,-69.53,27.6,8,7.17,78.35,10.93,14,4.169,207.25,49.71,74,0.809,30.05,37.16,47
-2.519,5.9376,4,5,130,SMA,44,SMA,True,True,True,3.0,1.0,True,6.0,D,11.325,403.04,35.59,81,-2.519,-55.41,22.0,6,3.727,53.27,14.29,10,15.288,544.08,35.59,57,1.867,63.71,34.12,39
-2.519,4.4606,4,5,130,SMA,60,SMA,True,True,True,3.0,1.0,True,6.0,D,7.173,341.49,47.61,68,-2.519,-57.49,22.82,5,5.518,59.41,10.77,6,9.702,461.89,47.61,50,2.429,79.89,32.89,32
-2.519,2.5542,4,5,130,SMA,30,SMA,True,True,True,3.0,1.25,True,6.0,D,2.908,151.48,52.09,107,-2.519,-67.43,26.77,8,8.165,107.82,13.21,14,3.471,180.83,52.09,74,0.746,29.39,39.37,47
-2.519,4.9744,4,5,130,SMA,44,SMA,True,True,True,3.0,1.25,True,6.0,D,7.864,337.54,42.92,81,-2.519,-55.99,22.23,6,4.981,74.49,14.95,10,12.726,491.75,38.64,57,1.82,63.49,34.89,39
-2.519,4.5012,4,5,130,SMA,60,SMA,True,True,True,3.0,1.25,True,6.0,D,6.199,310.43,50.08,68,-2.519,-58.06,23.05,5,7.878,83.09,10.55,6,8.678,434.58,50.08,50,2.27,81.85,36.06,32
-2.519,4.141,4,5,130,SMA,30,SMA,True,True,True,3.0,2.0,True,6.0,D,3.191,168.47,52.8,107,-2.519,-68.41,27.16,8,16.587,234.56,14.14,14,3.348,176.74,52.8,74,0.098,4.36,44.63,47
-2.519,5.048,4,5,130,SMA,44,SMA,True,True,True,3.0,2.0,True,6.0,D,6.577,299.68,45.56,81,-2.519,-65.05,25.83,6,8.258,142.62,17.27,10,11.983,473.81,39.54,57,0.941,34.85,37.04,39
-2.519,6.018,4,5,130,SMA,60,SMA,True,True,True,3.0,2.0,True,6.0,D,6.352,326.43,51.39,68,-2.519,-67.03,26.61,5,16.392,162.14,9.89,6,8.257,424.3,51.39,50,1.608,60.7,37.74,32
-2.536,3.1502,4,5,130,SMA,30,SMA,True,True,True,4.0,1.0,True,6.0,D,4.427,240.46,54.31,107,-2.536,-70.02,27.6,8,7.17,78.35,10.93,14,6.346,344.67,54.31,74,0.344,18.66,54.31,47
-2.536,7.350999999999999,4,5,130,SMA,44,SMA,True,True,True,4.0,1.0,True,6.0,D,14.632,622.62,42.55,81,-2.536,-55.1,21.72,6,3.727,53.27,14.29,10,19.754,840.58,42.55,57,1.178,50.14,42.55,39
-2.536,6.587400000000001,4,5,130,SMA,60,SMA,True,True,True,4.0,1.0,True,6.0,D,11.819,570.63,48.28,68,-2.536,-57.89,22.82,5,5.518,59.41,10.77,6,16.065,775.66,48.28,50,2.071,69.93,33.76,32
-2.536,3.1672,4,5,130,SMA,30,SMA,True,True,True,4.0,1.25,True,6.0,D,4.462,249.53,55.92,107,-2.536,-67.89,26.77,8,8.165,107.82,13.21,14,5.422,303.18,55.92,74,0.323,18.08,55.92,47
-2.536,6.664,4,5,130,SMA,44,SMA,True,True,True,4.0,1.25,True,6.0,D,12.104,523.16,43.22,81,-2.536,-55.68,21.95,6,4.981,74.49,14.95,10,17.616,761.39,43.22,57,1.155,49.94,43.22,39
-2.536,6.390000000000001,4,5,130,SMA,60,SMA,True,True,True,4.0,1.25,True,6.0,D,10.25,519.91,50.72,68,-2.536,-58.46,23.05,5,7.878,83.09,10.55,6,14.413,731.06,50.72,50,1.945,71.75,36.89,32
-2.536,6.562599999999999,4,5,130,SMA,44,SMA,True,True,True,4.0,2.0,True,6.0,D,10.264,465.67,45.37,81,-2.536,-64.84,25.56,6,8.258,142.62,17.27,10,16.283,734.25,45.09,57,0.544,24.55,45.09,39
-2.536,7.8878,4,5,130,SMA,60,SMA,True,True,True,4.0,2.0,True,6.0,D,10.498,546.05,52.02,68,-2.536,-67.49,26.61,5,16.392,162.14,9.89,6,13.732,714.26,52.02,50,1.353,52.14,38.54,32
-2.554,2.1369999999999996,4,5,130,SMA,30,SMA,True,True,True,3.0,1.0,True,4.0,D,1.408,72.13,51.25,107,-2.554,-51.66,20.22,8,10.026,91.71,9.15,14,1.467,75.15,51.25,74,0.338,17.3,51.25,47
-2.554,2.3062,4,5,130,SMA,44,SMA,True,True,True,3.0,1.0,True,4.0,D,3.228,118.98,36.86,81,-2.554,-44.93,17.59,6,5.373,62.87,11.7,10,4.388,161.72,36.86,57,1.096,40.39,36.86,39
-2.554,3.9560000000000004,4,5,130,SMA,60,SMA,True,True,True,3.0,1.0,True,4.0,D,4.066,154.28,37.94,68,-2.554,-47.16,18.46,5,10.366,71.82,6.93,6,5.224,198.24,37.94,50,2.678,72.15,26.94,32
-2.554,2.9215999999999998,4,5,130,SMA,30,SMA,True,True,True,3.0,1.25,True,4.0,D,1.772,93.11,52.54,107,-2.554,-48.7,19.07,8,13.596,128.8,9.47,14,1.418,74.48,52.54,74,0.376,19.75,52.54,47
-2.554,2.7692,4,5,130,SMA,44,SMA,True,True,True,3.0,1.25,True,4.0,D,3.656,140.53,38.44,81,-2.554,-44.93,17.59,6,7.388,86.77,11.75,10,4.155,159.7,38.44,57,1.201,46.18,38.44,39
-2.554,4.9414,4,5,130,SMA,60,SMA,True,True,True,3.0,1.25,True,4.0,D,4.767,183.75,38.54,68,-2.554,-47.16,18.46,5,14.483,97.04,6.7,6,5.105,196.76,38.54,50,2.906,80.34,27.64,32
-2.554,5.1424,4,5,130,SMA,30,SMA,True,True,True,3.0,2.0,True,4.0,D,1.742,95.88,55.04,108,-2.554,-71.16,27.86,8,25.172,263.02,10.45,14,1.251,68.87,55.04,75,0.101,5.58,55.04,47
-2.554,3.8522,4,5,130,SMA,44,SMA,True,True,True,3.0,2.0,True,4.0,D,3.429,148.66,43.36,81,-2.554,-44.93,17.59,6,14.033,166.66,11.88,10,3.732,161.79,43.36,57,0.621,26.91,43.36,39
-2.554,8.333400000000001,4,5,130,SMA,60,SMA,True,True,True,3.0,2.0,True,4.0,D,6.007,233.83,38.93,68,-2.554,-47.16,18.46,5,30.127,181.24,6.02,6,5.557,216.33,38.93,50,2.53,71.09,28.1,32
-2.554,2.8934,4,5,130,SMA,30,SMA,True,True,True,4.0,1.0,True,4.0,D,2.995,149.97,50.08,107,-2.554,-51.66,20.22,8,10.026,91.71,9.15,14,3.328,166.68,50.08,74,0.672,33.64,50.08,47
-2.554,3.378,4,5,130,SMA,44,SMA,True,True,True,4.0,1.0,True,4.0,D,5.408,222.59,41.16,81,-2.554,-44.19,17.3,6,5.373,62.87,11.7,10,7.429,305.75,41.16,57,1.234,50.77,41.16,39
-2.554,6.298399999999999,4,5,130,SMA,60,SMA,True,True,True,4.0,1.0,True,4.0,D,8.555,331.28,38.72,68,-2.554,-47.16,18.46,5,10.366,71.82,6.93,6,11.187,433.19,38.72,50,3.938,109.69,27.85,32
-2.554,3.7282,4,5,130,SMA,30,SMA,True,True,True,4.0,1.25,True,4.0,D,3.669,188.6,51.4,107,-2.554,-48.7,19.07,8,13.596,128.8,9.47,14,3.218,165.44,51.4,74,0.712,36.63,51.4,47
-2.554,3.8736000000000006,4,5,130,SMA,44,SMA,True,True,True,4.0,1.25,True,4.0,D,6.103,260.16,42.63,81,-2.554,-44.19,17.3,6,7.388,86.77,11.75,10,7.09,302.24,42.63,57,1.341,57.18,42.63,39
-2.554,7.404000000000001,4,5,130,SMA,60,SMA,True,True,True,4.0,1.25,True,4.0,D,9.935,390.6,39.32,68,-2.554,-47.16,18.46,5,14.483,97.04,6.7,6,10.943,430.22,39.32,50,4.213,120.28,28.55,32
-2.554,5.8878,4,5,130,SMA,30,SMA,True,True,True,4.0,2.0,True,4.0,D,3.589,193.69,53.97,108,-2.554,-71.16,27.86,8,25.172,263.02,10.45,14,2.874,155.12,53.97,75,0.358,19.3,53.97,47
-2.554,4.905199999999999,4,5,130,SMA,44,SMA,True,True,True,4.0,2.0,True,4.0,D,5.81,274.32,47.21,81,-2.554,-44.19,17.3,6,14.033,166.66,11.88,10,6.478,305.87,47.21,57,0.759,35.84,47.21,39
-2.554,11.104000000000001,4,5,130,SMA,60,SMA,True,True,True,4.0,2.0,True,4.0,D,12.38,491.43,39.69,68,-2.554,-47.16,18.46,5,30.127,181.24,6.02,6,11.831,469.62,39.69,50,3.736,108.32,29.0,32
-0.055,9.1904,3,5,100,SMA,60,SMA,True,True,True,3.0,2.0,False,2.0,D,1.363,108.83,79.84,93,43.267,1517.59,35.08,18,-0.035,-1.46,41.78,9,1.412,112.74,79.84,63,-0.055,-4.07,74.53,46
-0.073,7.0214,3,5,100,SMA,60,SMA,True,True,True,3.0,1.0,True,12.0,D,1.934,134.02,69.31,93,30.454,1317.02,43.25,18,-0.003,-0.06,23.86,9,2.795,193.68,69.31,63,-0.073,-4.42,60.37,46
-0.099,9.671,3,5,100,SMA,60,SMA,True,True,True,4.0,1.25,True,12.0,D,3.293,253.46,76.96,93,40.797,1939.13,47.53,18,-0.099,-2.83,28.61,9,4.437,341.46,76.96,63,-0.073,-5.13,70.25,46
-0.114,7.335000000000001,3,5,100,SMA,44,SMA,True,True,True,4.0,1.0,True,12.0,D,9.774,632.5,64.71,107,17.152,925.92,53.98,22,-0.084,-2.55,30.26,13,9.947,643.69,64.71,70,-0.114,-7.38,64.71,53
-0.12,20.907199999999996,3,5,100,SMA,44,SMA,True,True,True,3.0,1.25,False,2.0,D,5.824,382.03,65.59,107,93.856,2869.92,30.58,22,-0.12,-5.0,41.61,13,5.05,331.23,65.59,70,-0.074,-4.85,65.59,53
-0.217,22.8682,3,5,100,SMA,44,SMA,True,True,True,4.0,2.0,False,2.0,D,4.793,379.98,79.28,107,105.603,4481.19,42.43,22,-0.124,-6.79,54.53,13,4.286,339.8,79.28,70,-0.217,-17.23,79.28,53
-0.317,6.1462,3,5,100,SMA,30,SMA,True,True,True,4.0,1.25,False,2.0,D,0.135,11.18,83.0,134,30.504,2321.67,76.11,28,-0.154,-7.29,47.25,17,0.563,46.76,83.0,87,-0.317,-22.5,70.95,60
-0.341,21.3624,3,5,100,SMA,44,SMA,True,True,True,3.0,1.0,False,2.0,D,6.195,387.82,62.6,107,95.077,2896.49,30.46,22,-0.341,-13.65,40.0,13,5.939,371.79,62.6,70,-0.058,-3.6,62.6,53
-0.426,6.137600000000001,3,5,100,SMA,30,SMA,True,True,True,4.0,1.0,False,2.0,D,0.147,12.01,81.52,134,30.579,2344.35,76.67,28,-0.426,-19.83,46.52,17,0.69,56.22,81.52,87,-0.302,-20.68,68.43,60
-0.458,9.7392,3,5,100,SMA,60,SMA,True,True,True,4.0,1.0,True,12.0,D,3.445,258.73,75.09,93,40.585,1944.98,47.92,18,-0.458,-12.55,27.39,9,5.192,389.86,75.09,63,-0.068,-4.63,67.84,46
-0.532,25.2228,3,5,100,SMA,44,SMA,True,True,True,4.0,1.25,False,2.0,D,6.126,447.97,73.13,107,113.951,4724.41,41.46,22,-0.532,-26.9,50.53,13,6.748,493.46,73.13,70,-0.179,-13.08,73.13,53
-0.639,9.9886,3,5,100,SMA,60,SMA,True,True,True,4.0,2.0,False,2.0,D,1.164,100.05,85.94,93,47.792,2049.95,42.89,18,-0.639,-32.4,50.67,9,1.781,153.05,85.94,63,-0.155,-12.54,80.68,46
-0.644,11.340399999999999,3,5,100,SMA,60,SMA,True,True,True,3.0,1.25,False,2.0,D,1.836,136.42,74.3,93,53.059,1615.67,30.45,18,-0.644,-24.84,38.59,9,2.466,183.23,74.3,63,-0.015,-1.04,67.54,46
-0.692,24.111600000000003,3,5,100,SMA,44,SMA,True,True,True,4.0,1.0,False,2.0,D,6.423,454.71,70.79,107,107.199,4767.66,44.48,22,-0.692,-34.02,49.17,13,7.798,552.05,70.79,70,-0.17,-12.05,70.79,53
-0.869,11.5864,3,5,100,SMA,60,SMA,True,True,True,3.0,1.0,False,2.0,D,1.951,140.89,72.22,93,53.933,1636.22,30.34,18,-0.869,-32.85,37.79,9,2.925,211.21,72.22,63,-0.008,-0.5,64.91,46
-0.982,11.241200000000001,3,5,100,SMA,60,SMA,True,True,True,4.0,1.25,False,2.0,D,1.532,125.76,82.08,93,52.829,2180.59,41.28,18,-0.982,-50.09,51.0,9,2.96,242.94,82.08,63,-0.133,-10.04,75.37,46
-1.061,11.4982,3,5,100,SMA,60,SMA,True,True,True,4.0,1.0,False,2.0,D,1.612,129.93,80.63,93,53.615,2207.96,41.18,18,-1.061,-56.16,52.93,9,3.456,278.63,80.63,63,-0.131,-9.6,73.38,46
-2.536,4.715999999999999,3,5,130,SMA,30,SMA,True,True,True,4.0,2.0,True,6.0,D,4.623,276.21,59.74,107,-2.536,-68.89,27.16,8,16.587,234.56,14.14,14,4.967,296.76,59.74,74,-0.061,-3.63,59.74,47
