min_calmar,mean_calmar,n_positive,n_periods,slow_ma_len,slow_ma_type,fast_ma_len,fast_ma_type,allow_longs,allow_shorts,use_fast_ma,leverage_long,leverage_short,sl_enable,sl_risk_pct,atr_sl_enable,atr_sl_len,atr_sl_mult,signal_tf,calmar_btc_p1_bull_2017,ann_btc_p1_bull_2017,maxdd_btc_p1_bull_2017,trades_btc_p1_bull_2017,calmar_btc_p2_bear_2018,ann_btc_p2_bear_2018,maxdd_btc_p2_bear_2018,trades_btc_p2_bear_2018,calmar_btc_p3_sideways_2019,ann_btc_p3_sideways_2019,maxdd_btc_p3_sideways_2019,trades_btc_p3_sideways_2019,calmar_btc_p4_bull_2020_2021,ann_btc_p4_bull_2020_2021,maxdd_btc_p4_bull_2020_2021,trades_btc_p4_bull_2020_2021,calmar_btc_p5_bear_2022,ann_btc_p5_bear_2022,maxdd_btc_p5_bear_2022,trades_btc_p5_bear_2022,calmar_btc_p6_bull_2023_2024,ann_btc_p6_bull_2023_2024,maxdd_btc_p6_bull_2023_2024,trades_btc_p6_bull_2023_2024,calmar_btc_p7_current_2025,ann_btc_p7_current_2025,maxdd_btc_p7_current_2025,trades_btc_p7_current_2025
1.604,6.793000000000001,7,7,130,SMA,44,SMA,True,True,True,2.0,1.0,True,6.0,False,14,2.5,D,16.289,297.7,18.28,8,2.173,53.0,24.39,17,11.107,256.06,23.05,9,4.381,184.36,42.08,22,1.604,32.93,20.54,14,10.355,310.47,29.98,35,1.642,31.19,19.0,22
1.366,7.254428571428572,7,7,130,SMA,44,SMA,True,True,True,4.0,2.0,True,12.0,False,14,2.5,D,16.585,563.33,33.97,8,2.048,90.19,44.03,17,10.029,418.82,41.76,9,3.866,261.28,67.59,22,1.366,51.58,37.75,14,15.293,794.66,51.96,35,1.594,55.94,35.1,22
1.177,25.369428571428568,7,7,130,SMA,44,SMA,True,True,True,2.0,1.25,True,9.0,False,14,2.5,D,133.986,2121.57,15.83,8,1.485,51.24,34.51,17,7.641,225.48,29.51,9,24.482,762.88,31.16,22,1.177,33.79,28.72,14,7.525,275.54,36.62,35,1.29,28.18,21.84,22
1.137,23.539285714285715,7,7,130,SMA,44,SMA,True,True,True,2.0,2.0,True,8.0,False,14,2.5,D,138.673,2067.52,14.91,8,4.641,139.69,30.1,17,10.508,285.41,27.16,9,3.339,161.24,48.3,22,1.137,38.77,34.09,14,5.122,211.56,41.3,35,1.355,38.9,28.72,22
1.104,24.53057142857143,7,7,130,SMA,44,SMA,True,True,True,2.0,1.25,True,8.0,False,14,2.5,D,143.957,2146.3,14.91,8,1.907,60.24,31.6,17,8.865,240.77,27.16,9,6.925,275.57,39.79,22,1.498,39.47,26.34,14,7.458,269.44,36.13,35,1.104,26.49,23.99,22
1.09,24.69928571428571,7,7,130,SMA,44,SMA,True,True,True,2.0,1.0,True,8.0,False,14,2.5,D,145.463,2168.76,14.91,8,1.159,35.82,30.9,17,8.335,226.38,27.16,9,6.486,256.97,39.62,22,1.09,26.52,24.33,14,8.935,306.96,34.36,35,1.427,31.97,22.41,22
1.083,22.358428571428572,7,7,100,SMA,44,SMA,True,True,True,2.0,2.0,True,12.0,False,14,2.5,D,104.735,3336.12,31.85,12,2.128,84.86,39.88,22,6.811,279.74,41.07,14,37.577,1013.48,26.97,37,1.234,49.08,39.78,17,2.941,182.04,61.89,40,1.083,42.88,39.6,30
1.062,30.805285714285713,7,7,130,SMA,44,SMA,True,True,True,3.0,2.0,True,12.0,False,14,2.5,D,190.282,4151.44,21.82,8,2.14,94.22,44.03,17,8.51,326.92,38.42,9,3.58,213.21,59.56,22,1.553,58.62,37.75,14,8.51,428.17,50.31,35,1.062,37.05,34.9,22
1.008,50.42999999999999,7,7,130,SMA,60,SMA,True,True,True,2.0,2.0,True,8.0,False,14,2.5,D,300.09,2874.96,9.58,7,1.623,63.91,39.36,15,35.822,347.1,9.69,11,10.489,435.66,41.53,13,1.008,39.7,39.36,11,2.455,139.45,56.8,33,1.523,49.81,32.71,17
0.997,7.737285714285714,7,7,130,SMA,44,SMA,True,True,True,3.0,1.25,True,9.0,False,14,2.5,D,16.765,443.07,26.43,8,1.395,48.12,34.51,17,10.05,330.75,32.91,9,7.902,373.65,47.28,22,0.997,28.64,28.72,14,15.546,625.15,40.21,35,1.506,38.96,25.87,22
0.964,19.692857142857143,7,7,130,SMA,44,SMA,True,True,True,2.0,2.0,True,12.0,False,14,2.5,D,106.558,1982.92,18.61,8,2.232,98.26,44.03,17,7.569,241.85,31.95,9,14.438,599.34,41.51,22,1.665,62.85,37.75,14,4.424,185.73,41.98,35,0.964,30.42,31.54,22
0.901,11.209,7,7,130,SMA,60,SMA,True,True,True,2.0,2.0,True,6.0,False,14,2.5,D,44.825,589.79,13.16,7,3.256,100.98,31.01,15,9.266,246.18,26.57,11,14.267,501.52,35.15,13,1.931,59.9,31.01,11,4.017,194.48,48.41,33,0.901,24.29,26.95,17
0.893,23.261285714285712,7,7,130,SMA,44,SMA,True,True,True,2.0,2.0,True,9.0,False,14,2.5,D,129.778,2054.94,15.83,8,3.587,121.32,33.82,17,9.089,268.21,29.51,9,13.448,509.73,37.9,22,0.893,33.59,37.6,14,4.488,193.01,43.01,35,1.546,41.59,26.9,22
0.829,25.43357142857143,7,7,130,SMA,44,SMA,True,True,True,2.0,1.0,True,9.0,False,14,2.5,D,135.388,2143.77,15.83,8,0.829,28.08,33.86,17,7.174,211.7,29.51,9,23.166,717.2,30.96,22,1.065,26.16,24.56,14,8.617,300.37,34.86,35,1.796,35.11,19.55,22
0.788,6.582428571428571,7,7,130,SMA,44,SMA,True,True,True,2.0,1.25,True,6.0,False,14,2.5,D,16.061,293.53,18.28,8,3.015,71.86,23.83,17,11.788,271.75,23.05,9,4.398,185.8,42.25,22,0.788,20.96,26.61,14,8.235,274.22,33.3,35,1.792,37.01,20.65,22
0.787,6.993285714285714,7,7,100,SMA,60,SMA,True,True,True,2.0,2.0,True,4.0,False,14,2.5,D,20.773,343.26,16.52,14,3.802,94.51,24.86,20,0.879,18.32,20.84,16,11.655,442.35,37.95,29,5.049,125.48,24.86,14,6.008,290.33,48.32,38,0.787,27.09,34.43,25
0.757,6.837714285714286,7,7,130,SMA,44,SMA,True,True,True,3.0,2.0,True,9.0,False,14,2.5,D,16.124,426.12,26.43,8,3.455,116.84,33.82,17,11.752,386.76,32.91,9,4.237,240.37,56.73,22,0.757,28.44,37.6,14,9.824,454.29,46.24,35,1.715,53.58,31.23,22
0.751,7.853857142857143,7,7,130,SMA,44,SMA,True,True,True,3.0,1.0,True,9.0,False,14,2.5,D,16.979,448.72,26.43,8,0.751,25.41,33.86,17,9.501,312.69,32.91,9,7.418,349.6,47.13,22,0.868,21.31,24.56,14,17.548,676.54,38.55,35,1.912,46.52,24.32,22
0.724,23.330999999999996,7,7,100,SMA,44,SMA,True,True,True,2.0,1.25,True,12.0,False,14,2.5,D,104.735,3336.12,31.85,12,0.801,28.31,35.36,22,7.113,260.93,36.68,14,44.284,991.56,22.39,37,0.724,21.71,29.97,17,4.911,267.99,54.57,40,0.749,25.0,33.37,30
0.692,45.59771428571429,7,7,130,SMA,60,SMA,True,True,True,2.0,2.0,True,9.0,False,14,2.5,D,267.466,2825.28,10.56,7,1.103,47.64,43.21,15,35.301,342.05,9.69,11,10.902,440.06,40.37,13,0.692,29.91,43.21,11,2.184,126.52,57.94,33,1.536,48.76,31.74,17
0.658,12.421142857142856,7,7,130,SMA,60,SMA,True,True,True,2.0,1.0,True,6.0,False,14,2.5,D,46.242,608.45,13.16,7,0.658,20.42,31.01,15,16.786,267.3,15.92,11,15.349,488.2,31.81,13,1.111,27.32,24.6,11,5.225,231.97,44.4,33,1.577,33.51,21.26,17
0.618,22.080571428571428,7,7,130,SMA,44,SMA,True,True,True,2.0,1.25,True,12.0,False,14,2.5,D,110.02,2047.35,18.61,8,0.618,26.41,42.73,17,6.324,202.09,31.95,9,28.068,924.82,32.95,22,1.005,30.67,30.52,14,7.148,263.53,36.87,35,1.381,32.85,23.79,22
0.6,12.360000000000001,7,7,130,SMA,60,SMA,True,True,True,2.0,1.25,True,6.0,False,14,2.5,D,45.647,600.61,13.16,7,0.966,29.95,31.01,15,17.448,277.85,15.92,11,15.533,497.13,32.01,13,0.6,18.61,31.01,11,4.521,212.57,47.02,33,1.805,41.54,23.01,17
0.598,26.88914285714286,7,7,130,SMA,30,SMA,True,True,True,2.0,1.25,True,4.0,False,14,2.5,D,163.295,1280.23,7.84,7,1.561,33.9,21.72,20,1.999,39.61,19.81,15,9.64,358.32,37.17,32,5.776,88.41,15.31,20,5.355,209.18,39.06,46,0.598,15.71,26.24,30
0.577,12.616714285714286,7,7,130,SMA,60,SMA,True,True,True,3.0,2.0,True,9.0,False,14,2.5,D,45.686,882.82,19.32,7,1.032,44.59,43.21,15,17.165,397.72,23.17,11,16.649,741.23,44.52,13,0.577,24.91,43.21,11,5.404,336.05,62.18,33,1.804,62.33,34.55,17
0.556,32.21,7,7,130,SMA,44,SMA,True,True,True,3.0,1.25,True,12.0,False,14,2.5,D,196.267,4282.01,21.82,8,0.556,23.77,42.73,17,7.228,277.67,38.42,9,6.484,347.82,53.64,22,0.895,27.31,30.52,14,12.749,585.58,45.93,35,1.291,39.61,30.67,22
0.509,34.10528571428572,7,7,130,SMA,60,SMA,True,True,True,2.0,2.0,True,12.0,False,14,2.5,D,194.919,2633.67,13.51,7,0.509,27.28,53.56,15,27.158,325.89,12.0,11,11.68,511.93,43.83,13,1.122,49.49,44.11,11,2.059,115.29,56.0,33,1.29,41.41,32.09,17
0.495,8.379142857142858,7,7,130,SMA,44,SMA,True,True,True,4.0,1.25,True,12.0,False,14,2.5,D,17.207,584.46,33.97,8,0.495,21.13,42.73,17,8.602,359.25,41.76,9,7.263,419.65,57.78,22,0.712,21.72,30.52,14,22.469,1072.43,47.73,35,1.906,58.89,30.89,22
0.478,53.49771428571428,7,7,130,SMA,60,SMA,True,True,True,2.0,1.25,True,8.0,False,14,2.5,D,311.336,2982.7,9.58,7,0.478,18.8,39.36,15,32.291,312.88,9.69,11,25.083,652.1,26.0,13,1.037,32.19,31.05,11,3.25,171.23,52.69,33,1.009,28.07,27.82,17
0.462,26.339999999999993,7,7,130,SMA,30,SMA,True,True,True,2.0,1.0,True,4.0,False,14,2.5,D,163.295,1280.23,7.84,7,0.724,15.73,21.72,20,1.628,32.26,19.81,15,8.885,338.27,38.07,32,3.819,58.27,15.26,20,5.567,215.51,38.71,46,0.462,11.7,25.33,30
0.46,66.15771428571428,7,7,130,SMA,60,SMA,True,True,True,3.0,2.0,True,12.0,False,14,2.5,D,412.208,5881.14,14.27,7,0.46,24.62,53.56,15,32.817,469.35,14.3,11,12.139,621.62,51.21,13,1.034,45.62,44.11,11,3.44,236.2,68.67,33,1.006,40.33,40.08,17
0.436,24.883000000000003,7,7,100,SMA,60,SMA,True,True,True,2.0,2.0,True,12.0,False,14,2.5,D,123.218,2551.54,20.71,11,1.353,55.33,40.9,19,14.748,321.34,21.79,16,31.753,856.41,26.97,28,0.436,22.7,52.08,14,1.5,101.51,67.7,38,1.173,50.61,43.13,25
0.41,12.699857142857143,7,7,130,SMA,60,SMA,True,True,True,4.0,2.0,True,12.0,False,14,2.5,D,46.629,1176.01,25.22,7,0.41,21.97,53.56,15,15.284,457.97,29.96,11,16.682,911.33,54.63,13,0.888,39.19,44.11,11,7.47,523.55,70.09,33,1.536,60.2,39.18,17
0.368,17.628714285714288,7,7,100,SMA,60,SMA,True,True,True,2.0,2.0,True,8.0,False,14,2.5,D,110.4,2590.96,23.47,12,0.65,28.09,43.21,20,0.368,7.93,21.56,16,7.254,365.29,50.36,28,1.409,59.47,42.21,14,2.143,139.15,64.92,38,1.177,50.72,43.09,25
0.342,27.902571428571427,7,7,100,SMA,44,SMA,True,True,True,2.0,1.0,True,12.0,False,14,2.5,D,132.206,3594.73,27.19,12,0.342,11.57,33.82,22,7.219,253.82,35.16,14,48.24,1005.23,20.84,37,0.565,14.39,25.49,17,6.146,311.1,50.62,40,0.6,18.7,31.17,30
0.34,2.777142857142857,7,7,100,SMA,44,SMA,True,True,True,4.0,2.0,True,9.0,False,14,2.5,D,1.436,75.49,52.58,15,0.601,25.99,43.21,23,0.34,14.93,43.87,14,2.36,169.47,71.81,38,1.452,55.88,38.49,17,12.137,887.24,73.1,40,1.114,47.48,42.61,30
0.325,6.228000000000001,7,7,130,SMA,44,SMA,True,True,True,2.0,2.0,True,6.0,False,14,2.5,D,15.745,287.76,18.28,8,4.748,147.25,31.01,17,9.281,256.8,27.67,9,3.951,177.48,44.92,22,2.211,58.83,26.61,14,7.335,251.44,34.28,35,0.325,7.89,24.26,22
0.321,2.396714285714286,7,7,100,SMA,44,SMA,True,True,True,3.0,2.0,True,8.0,False,14,2.5,D,1.578,72.81,46.13,15,1.572,61.87,39.36,23,0.321,12.85,40.02,14,2.353,159.11,67.62,38,1.895,65.95,34.8,17,7.986,518.44,64.92,40,1.072,42.27,39.43,30
0.269,3.814857142857143,7,7,100,SMA,30,SMA,True,True,True,2.0,1.25,True,4.0,False,14,2.5,D,3.173,114.78,36.18,14,0.877,24.43,27.86,24,4.41,84.39,19.14,19,9.308,422.42,45.38,46,4.387,83.22,18.97,23,4.28,222.33,51.94,52,0.269,9.28,34.52,37
0.261,22.04357142857143,7,7,130,SMA,30,SMA,True,True,True,3.0,2.0,True,8.0,False,14,2.5,D,129.079,1982.66,15.36,7,0.364,14.33,39.36,20,1.084,36.34,33.54,15,15.242,879.65,57.71,32,4.203,120.58,28.69,20,4.072,231.55,56.86,46,0.261,10.11,38.76,30
0.251,47.896142857142856,7,7,130,SMA,60,SMA,True,True,True,2.0,1.25,True,9.0,False,14,2.5,D,275.998,2915.41,10.56,7,0.251,10.67,42.58,15,31.809,308.21,9.69,11,21.985,624.03,28.38,13,0.806,26.83,33.27,11,3.328,176.1,52.92,33,1.096,28.47,25.98,17
0.243,14.820142857142855,7,7,100,SMA,60,SMA,True,True,True,2.0,2.0,True,9.0,False,14,2.5,D,93.243,2418.46,25.94,12,0.315,14.75,46.82,20,0.243,5.64,23.26,16,6.029,325.66,54.01,28,1.018,46.71,45.88,14,1.833,122.85,67.02,38,1.06,47.2,44.53,25
0.241,33.92185714285714,7,7,130,SMA,30,SMA,True,True,True,4.0,2.0,True,8.0,False,14,2.5,D,211.774,3252.85,15.36,7,0.364,14.33,39.36,20,1.212,43.97,36.27,15,12.785,802.04,62.73,32,4.203,120.58,28.69,20,6.874,434.79,63.25,46,0.241,10.9,45.19,30
0.218,27.741857142857146,7,7,100,SMA,30,SMA,True,True,True,2.0,2.0,True,8.0,False,14,2.5,D,178.056,3940.59,22.13,12,0.546,25.13,46.0,24,2.644,78.76,29.79,19,7.842,441.1,56.25,44,3.811,122.96,32.27,23,1.076,70.97,65.97,52,0.218,9.87,45.18,37
0.198,6.9717142857142855,7,7,100,SMA,44,SMA,True,True,True,2.0,2.0,True,6.0,False,14,2.5,D,33.546,568.32,16.94,13,2.676,82.98,31.01,23,0.557,18.16,32.57,14,2.906,142.12,48.9,37,3.707,100.58,27.13,17,5.212,267.81,51.38,40,0.198,6.72,34.02,30
0.196,14.974428571428572,7,7,130,SMA,60,SMA,True,True,True,3.0,1.25,True,9.0,False,14,2.5,D,47.384,915.64,19.32,7,0.196,8.34,42.58,15,15.524,359.69,23.17,11,31.974,1036.33,32.41,13,0.66,21.95,33.27,11,7.703,444.23,57.67,33,1.38,40.07,29.03,17
0.192,31.186,7,7,130,SMA,30,SMA,True,True,True,3.0,1.0,True,6.0,False,14,2.5,D,195.767,2278.73,11.64,7,0.519,16.08,31.01,20,0.924,26.26,28.43,15,10.755,545.55,50.72,32,2.118,43.88,20.72,20,8.027,399.02,49.71,46,0.192,6.31,32.85,30
0.188,7.4631428571428575,7,7,100,SMA,44,SMA,True,True,True,2.0,1.25,True,6.0,False,14,2.5,D,33.546,568.32,16.94,13,1.163,35.22,30.3,23,0.188,5.82,30.88,14,8.928,276.04,30.92,37,1.38,37.43,27.13,17,5.867,296.46,50.53,40,1.17,32.51,27.79,30
0.184,6.042,7,7,100,SMA,60,SMA,True,True,True,3.0,2.0,True,6.0,False,14,2.5,D,18.813,450.31,23.94,14,1.134,40.08,35.33,20,0.184,5.49,29.81,16,10.95,556.01,50.78,29,2.39,84.01,35.15,14,8.152,520.48,63.85,38,0.671,26.34,39.27,25
0.182,6.210571428571428,7,7,100,SMA,60,SMA,True,True,True,2.0,1.25,True,4.0,False,14,2.5,D,20.773,343.26,16.52,14,1.07,26.74,24.99,20,0.182,3.79,20.84,16,11.559,431.01,37.29,29,2.091,51.98,24.86,14,6.19,302.83,48.92,38,1.609,44.3,27.53,25
0.171,22.669142857142855,7,7,100,SMA,30,SMA,True,True,True,2.0,2.0,True,9.0,False,14,2.5,D,146.084,3599.92,24.64,12,0.238,11.99,50.28,24,2.22,71.16,32.05,19,6.128,375.02,61.2,44,3.045,107.06,35.16,23,0.798,54.57,68.35,52,0.171,7.98,46.57,37
0.162,22.00671428571429,7,7,130,SMA,44,SMA,True,True,True,2.0,1.0,True,12.0,False,14,2.5,D,111.174,2068.83,18.61,8,0.162,6.82,42.16,17,5.923,189.26,31.95,9,26.566,870.14,32.75,22,0.822,22.23,27.04,14,8.186,287.44,35.11,35,1.214,26.95,22.2,22
0.14,18.205857142857145,7,7,130,SMA,30,SMA,True,True,True,2.0,1.25,True,6.0,False,14,2.5,D,99.377,1156.75,11.64,7,0.14,4.33,31.01,20,11.566,297.31,25.71,15,10.411,448.62,43.09,32,2.721,60.26,22.15,20,3.007,137.83,45.83,46,0.219,6.21,28.43,30
0.138,3.9494285714285717,7,7,100,SMA,44,SMA,True,True,True,4.0,1.25,True,9.0,False,14,2.5,D,1.436,75.49,52.58,15,0.272,9.11,33.53,22,0.138,5.74,41.68,14,5.617,317.0,56.43,38,0.409,13.97,34.14,17,18.867,1274.08,67.53,40,0.907,31.84,35.12,30
0.137,5.8061428571428575,7,7,100,SMA,60,SMA,True,True,True,2.0,2.0,True,6.0,False,14,2.5,D,24.093,560.56,23.27,12,1.598,56.18,35.15,20,0.137,3.61,26.33,16,8.452,386.39,45.71,28,2.39,84.01,35.15,14,3.466,201.55,58.15,38,0.507,19.25,37.98,25
0.134,6.9512857142857145,7,7,100,SMA,44,SMA,True,True,True,3.0,2.0,True,9.0,False,14,2.5,D,35.004,862.6,24.64,13,1.159,50.07,43.21,23,0.134,5.78,43.21,14,3.085,188.7,61.17,37,1.474,56.42,38.26,17,6.727,450.68,67.0,40,1.076,44.54,41.38,30
0.132,3.538857142857143,7,7,100,SMA,30,SMA,True,True,True,2.0,1.0,True,4.0,False,14,2.5,D,3.173,114.78,36.18,14,0.329,9.19,27.92,24,4.218,76.84,18.22,19,9.776,434.5,44.45,46,2.816,53.28,18.92,23,4.328,226.42,52.32,52,0.132,4.4,33.42,37
0.128,53.58571428571428,7,7,130,SMA,60,SMA,True,True,True,2.0,1.0,True,8.0,False,14,2.5,D,314.541,3013.4,9.58,7,0.128,4.85,37.95,15,31.109,301.43,9.69,11,23.582,607.99,25.78,13,0.752,21.2,28.19,11,3.899,199.37,51.13,33,1.089,28.5,26.18,17
0.123,21.163714285714292,7,7,130,SMA,30,SMA,True,True,True,2.0,2.0,True,9.0,False,14,2.5,D,121.001,2080.01,17.19,7,0.123,5.31,43.21,20,12.707,353.27,27.8,15,9.339,482.44,51.66,32,3.497,110.98,31.74,20,1.346,73.27,54.43,46,0.133,5.1,38.4,30
0.122,24.286571428571428,7,7,100,SMA,30,SMA,True,True,True,2.0,1.25,True,6.0,False,14,2.5,D,138.714,2350.04,16.94,12,0.129,4.97,38.42,24,2.438,61.88,25.39,19,24.436,717.08,29.35,44,1.951,52.81,27.06,23,2.216,132.54,59.83,52,0.122,4.38,35.99,37
0.108,32.482571428571426,7,7,130,SMA,44,SMA,True,True,True,3.0,1.0,True,12.0,False,14,2.5,D,198.262,4325.53,21.82,8,0.108,4.56,42.16,17,6.814,261.79,38.42,9,6.078,325.2,53.5,22,0.706,19.09,27.04,14,14.268,633.97,44.43,35,1.142,33.39,29.23,22
0.101,22.497285714285713,7,7,100,SMA,44,SMA,True,True,True,2.0,2.0,True,8.0,False,14,2.5,D,146.015,3231.48,22.13,13,2.041,78.13,38.27,23,0.101,3.95,39.33,14,2.145,120.55,56.19,37,2.401,77.36,32.22,17,3.63,211.86,58.37,40,1.148,43.78,38.14,30
0.099,19.148285714285716,7,7,100,SMA,60,SMA,True,True,True,2.0,1.0,True,8.0,False,14,2.5,D,110.4,2590.96,23.47,12,0.499,14.11,28.28,19,0.099,1.72,17.45,16,18.784,568.57,30.27,28,0.165,5.78,35.0,14,3.458,202.03,58.43,38,0.633,21.68,34.27,25
0.096,24.28385714285714,7,7,130,SMA,30,SMA,True,True,True,2.0,2.0,True,8.0,False,14,2.5,D,139.447,2141.9,15.36,7,0.511,20.13,39.36,20,14.078,368.94,26.21,15,9.781,497.45,50.86,32,4.434,127.21,28.69,20,1.64,85.34,52.03,46,0.096,3.73,38.9,30
0.095,19.259428571428575,7,7,100,SMA,60,SMA,True,True,True,2.0,1.25,True,8.0,False,14,2.5,D,110.4,2590.96,23.47,12,0.923,27.78,30.1,19,0.095,1.87,19.75,16,19.186,589.83,30.74,28,0.387,14.85,38.41,14,3.019,181.21,60.02,38,0.806,29.31,36.36,25
0.09,6.161571428571428,7,7,100,SMA,60,SMA,True,True,True,2.0,1.0,True,4.0,False,14,2.5,D,20.773,343.26,16.52,14,0.427,11.08,25.94,20,0.09,1.8,19.94,16,12.989,458.35,35.29,29,1.275,31.68,24.86,14,6.235,306.23,49.12,38,1.342,34.61,25.8,25
0.087,18.232285714285712,7,7,130,SMA,30,SMA,True,True,True,2.0,1.0,True,6.0,False,14,2.5,D,100.469,1169.45,11.64,7,0.617,19.14,31.01,20,10.819,278.12,25.71,15,9.737,425.9,43.74,32,2.118,43.88,20.72,20,3.779,163.0,43.14,46,0.087,2.34,26.8,30
0.079,26.372285714285717,7,7,100,SMA,60,SMA,True,True,True,2.0,1.25,True,12.0,False,14,2.5,D,123.218,2551.54,20.71,11,0.433,15.62,36.05,19,19.863,317.18,15.97,16,37.706,815.45,21.63,28,0.079,3.32,41.9,14,2.565,159.38,62.14,38,0.742,27.66,37.26,25
0.071,20.624,7,7,130,SMA,30,SMA,True,True,True,3.0,2.0,True,9.0,False,14,2.5,D,110.689,1902.75,17.19,7,0.071,3.06,43.21,20,12.772,464.61,36.38,15,14.631,842.42,57.58,32,3.236,102.69,31.74,20,2.89,176.04,60.91,46,0.079,3.26,41.38,30
0.069,7.697571428571429,7,7,100,SMA,44,SMA,True,True,True,2.0,1.0,True,6.0,False,14,2.5,D,33.546,568.32,16.94,13,1.509,36.53,24.21,22,0.069,2.1,30.35,14,9.43,266.51,28.26,37,0.908,22.75,25.06,17,7.406,346.97,46.85,40,1.015,25.79,25.41,30
0.068,35.954571428571434,7,7,130,SMA,30,SMA,True,True,True,4.0,1.25,True,8.0,False,14,2.5,D,219.675,3374.2,15.36,7,0.223,8.79,39.36,20,0.65,23.57,36.27,15,19.933,993.97,49.87,32,1.967,52.23,26.55,20,9.166,550.1,60.02,46,0.068,2.8,41.21,30
0.066,22.01414285714286,7,7,100,SMA,30,SMA,True,True,True,2.0,2.0,True,12.0,False,14,2.5,D,122.031,3887.04,31.85,11,1.333,53.14,39.88,24,10.163,391.8,38.55,19,17.723,803.98,45.36,44,2.085,83.02,39.82,23,0.698,48.34,69.22,52,0.066,3.16,47.53,37
0.06,16.26942857142857,7,7,100,SMA,60,SMA,True,True,True,2.0,1.25,True,9.0,False,14,2.5,D,93.243,2418.46,25.94,12,0.762,24.09,31.61,19,0.06,1.22,20.27,16,16.084,542.13,33.71,28,0.226,9.12,40.39,14,2.771,170.66,61.6,38,0.74,27.6,37.3,25
0.06,23.65614285714286,7,7,130,SMA,30,SMA,True,True,True,3.0,1.25,True,8.0,False,14,2.5,D,134.014,2058.46,15.36,7,0.223,8.79,39.36,20,0.51,17.09,33.54,15,23.191,1087.81,46.91,32,1.967,52.23,26.55,20,5.628,298.63,53.06,46,0.06,2.07,34.31,30
0.059,3.1554285714285717,7,7,100,SMA,44,SMA,True,True,True,3.0,1.25,True,8.0,False,14,2.5,D,1.578,72.81,46.13,15,1.065,32.6,30.6,22,0.059,2.27,38.64,14,5.788,292.29,50.5,38,0.682,21.63,31.7,17,12.05,710.88,59.0,40,0.866,27.95,32.27,30
0.055,8.531428571428572,7,7,130,SMA,44,SMA,True,True,True,4.0,1.0,True,12.0,False,14,2.5,D,17.415,591.51,33.97,8,0.055,2.3,42.16,17,8.142,340.04,41.76,9,6.818,393.05,57.65,22,0.514,13.89,27.04,14,25.019,1157.81,46.28,35,1.757,51.75,29.45,22
0.052,30.868571428571425,7,7,130,SMA,30,SMA,True,True,True,3.0,1.25,True,6.0,False,14,2.5,D,193.744,2255.18,11.64,7,0.052,1.62,31.01,20,1.172,33.32,28.43,15,11.446,574.08,50.15,32,2.721,60.26,22.15,20,6.644,346.11,52.09,46,0.301,10.34,34.35,30
0.042,28.44257142857143,7,7,100,SMA,30,SMA,True,True,True,2.0,1.25,True,8.0,False,14,2.5,D,178.056,3940.59,22.13,12,0.905,26.57,29.35,24,2.149,60.52,28.16,19,14.33,595.4,41.55,44,1.665,48.15,28.92,23,1.951,117.5,60.23,52,0.042,1.64,38.78,37
0.035,16.337571428571426,7,7,100,SMA,60,SMA,True,True,True,2.0,1.0,True,9.0,False,14,2.5,D,93.243,2418.46,25.94,12,0.362,10.8,29.83,19,0.035,0.63,18.34,16,16.67,534.69,32.08,28,0.125,4.41,35.2,14,3.358,198.69,59.17,38,0.57,20.07,35.23,25
0.028,5.935142857142857,7,7,100,SMA,30,SMA,True,True,True,3.0,2.0,True,8.0,False,14,2.5,D,20.12,792.0,39.36,14,0.29,14.3,49.3,24,3.068,102.38,33.36,19,12.269,844.28,68.82,45,3.136,108.88,34.72,23,2.635,193.31,73.35,52,0.028,1.37,48.82,37
0.028,24.352571428571427,7,7,100,SMA,60,SMA,True,True,True,3.0,2.0,True,12.0,False,14,2.5,D,145.655,4895.28,33.61,12,0.882,37.82,42.9,19,0.028,0.81,28.89,16,19.643,848.66,43.21,28,0.315,16.79,53.26,14,3.094,234.41,75.77,38,0.851,43.02,50.57,25
0.019,3.1768571428571435,7,7,100,SMA,44,SMA,True,True,True,3.0,1.0,True,8.0,False,14,2.5,D,1.578,72.81,46.13,15,0.53,15.33,28.94,22,0.019,0.71,36.88,14,5.355,283.27,52.9,38,0.378,10.93,28.89,17,13.663,780.65,57.14,40,0.715,21.49,30.04,30
0.016,23.84142857142857,7,7,100,SMA,30,SMA,True,True,True,2.0,1.0,True,6.0,False,14,2.5,D,138.714,2350.04,16.94,12,0.988,23.93,24.21,24,2.239,55.57,24.82,19,20.661,676.33,32.74,44,1.375,34.3,24.94,23,2.897,164.65,56.83,52,0.016,0.55,33.59,37
0.009,23.24214285714286,7,7,100,SMA,30,SMA,True,True,True,2.0,1.25,True,9.0,False,14,2.5,D,146.084,3599.92,24.64,12,0.644,19.88,30.88,24,1.907,56.07,29.4,19,10.954,521.41,47.6,44,1.431,43.6,30.46,23,1.666,102.95,61.8,52,0.009,0.33,39.01,37
0.0,28.46828571428571,6,7,100,SMA,30,SMA,True,True,True,3.0,2.0,True,9.0,False,14,2.5,D,177.099,4364.24,24.64,12,0.063,3.33,52.85,24,2.418,87.56,36.22,19,15.446,962.74,62.33,44,2.356,89.97,38.19,23,1.896,144.06,76.0,52,0.0,0.0,51.01,37
-0.023,23.069000000000006,6,7,100,SMA,30,SMA,True,True,True,2.0,1.0,True,9.0,False,14,2.5,D,146.084,3599.92,24.64,12,0.192,5.8,30.26,24,1.893,52.43,27.7,19,10.276,504.14,49.06,44,1.037,28.33,27.33,23,2.024,119.76,59.17,52,-0.023,-0.86,36.63,37
-0.024,30.857428571428567,6,7,130,SMA,30,SMA,True,True,True,4.0,2.0,True,9.0,False,14,2.5,D,181.788,3124.93,17.19,7,-0.024,-1.03,43.21,20,0.862,32.76,37.99,15,25.041,1559.29,62.27,32,3.236,102.69,31.74,20,4.933,330.78,67.06,46,0.166,7.57,45.56,30
-0.03,47.98271428571429,6,7,130,SMA,60,SMA,True,True,True,2.0,1.0,True,9.0,False,14,2.5,D,278.842,2945.45,10.56,7,-0.03,-1.24,40.6,15,30.64,296.89,9.69,11,20.644,581.67,28.18,13,0.734,20.85,28.41,11,3.805,195.46,51.36,33,1.244,30.22,24.29,17
-0.035,19.57542857142857,6,7,100,SMA,44,SMA,True,True,True,2.0,2.0,True,9.0,False,14,2.5,D,122.483,3018.33,24.64,13,1.508,62.68,41.56,23,-0.035,-1.49,42.55,14,6.709,352.7,52.57,37,2.013,70.68,35.11,17,3.221,194.6,60.42,40,1.129,44.08,39.05,30
-0.038,5.841857142857143,6,7,100,SMA,60,SMA,True,True,True,4.0,2.0,True,8.0,False,14,2.5,D,16.684,514.24,30.82,14,0.109,5.18,47.44,20,-0.038,-1.39,36.43,16,11.633,684.71,58.86,29,1.126,49.77,44.22,14,9.956,745.59,74.89,38,1.423,64.67,45.44,25
-0.042,21.596714285714285,6,7,100,SMA,30,SMA,True,True,True,2.0,1.25,True,12.0,False,14,2.5,D,122.031,3887.04,31.85,11,0.209,7.44,35.6,24,10.696,363.44,33.98,19,15.927,722.51,45.36,44,1.055,34.63,32.82,23,1.301,82.38,63.3,52,-0.042,-1.72,41.02,37
-0.048,41.294,6,7,100,SMA,30,SMA,True,True,True,3.0,2.0,True,12.0,False,14,2.5,D,262.602,8364.59,31.85,12,0.853,35.77,41.91,24,2.121,84.63,39.91,19,20.185,1142.86,56.62,44,1.781,73.74,41.41,23,1.564,118.99,76.09,52,-0.048,-2.59,53.48,37
-0.051,35.33828571428571,6,7,100,SMA,60,SMA,True,True,True,2.0,1.0,True,12.0,False,14,2.5,D,180.046,2751.56,15.28,11,0.093,3.19,34.38,19,22.571,314.72,13.94,16,40.903,820.42,20.06,28,-0.051,-1.9,37.33,14,3.234,191.05,59.07,38,0.572,20.13,35.19,25
-0.054,28.085285714285714,6,7,100,SMA,30,SMA,True,True,True,2.0,1.0,True,8.0,False,14,2.5,D,178.056,3940.59,22.13,12,0.342,9.47,27.67,24,2.201,57.47,26.1,19,12.689,562.83,44.35,44,1.108,30.04,27.11,23,2.255,131.77,58.43,52,-0.054,-1.95,36.38,37
-0.058,4.156857142857143,6,7,100,SMA,30,SMA,True,True,True,4.0,2.0,True,8.0,False,14,2.5,D,1.796,107.81,60.04,14,0.052,2.56,49.3,24,4.32,145.36,33.64,19,14.768,1035.66,70.13,46,3.116,108.54,34.83,23,5.104,398.3,78.04,52,-0.058,-3.27,56.29,37
-0.065,8.11357142857143,6,7,100,SMA,44,SMA,True,True,True,3.0,1.25,True,9.0,False,14,2.5,D,35.004,862.6,24.64,13,0.917,30.12,32.84,22,-0.065,-2.67,41.0,14,8.719,348.57,39.98,37,0.424,14.36,33.9,17,10.929,657.54,60.16,40,0.867,29.25,33.73,30
-0.082,14.807285714285713,6,7,130,SMA,60,SMA,True,True,True,3.0,1.0,True,9.0,False,14,2.5,D,47.951,926.58,19.32,7,-0.082,-3.34,40.6,15,14.974,346.96,23.17,11,30.06,968.37,32.21,13,0.571,16.22,28.41,11,8.645,486.46,56.27,33,1.532,41.99,27.41,17
-0.096,26.18628571428571,6,7,100,SMA,30,SMA,True,True,True,2.0,1.0,True,12.0,False,14,2.5,D,153.986,4186.93,27.19,11,0.077,2.6,33.82,24,10.885,352.58,32.39,19,16.108,713.11,44.27,44,0.689,20.47,29.73,23,1.655,99.45,60.11,52,-0.096,-3.72,38.72,37
-0.101,4.898142857142857,6,7,100,SMA,30,SMA,True,True,True,3.0,1.0,True,6.0,False,14,2.5,D,2.436,120.29,49.37,14,0.451,10.92,24.21,24,3.869,97.26,25.14,19,19.54,944.91,48.36,46,1.36,34.08,25.07,23,6.732,430.31,63.92,52,-0.101,-4.24,41.91,37
-0.101,21.689428571428568,6,7,130,SMA,30,SMA,True,True,True,2.0,1.25,True,9.0,False,14,2.5,D,124.925,2147.46,17.19,7,0.088,3.73,42.58,20,10.596,294.57,27.8,15,12.299,570.78,46.41,32,1.795,51.9,28.92,20,2.224,109.68,49.32,46,-0.101,-3.08,30.45,30
-0.109,8.06042857142857,6,7,100,SMA,44,SMA,True,True,True,4.0,2.0,True,12.0,False,14,2.5,D,34.678,1104.59,31.85,13,1.263,54.93,43.51,22,-0.109,-5.73,52.53,14,7.769,396.2,51.0,37,0.622,27.85,44.79,17,11.248,818.55,72.77,40,0.952,42.85,45.01,30
-0.115,8.216714285714286,6,7,100,SMA,44,SMA,True,True,True,3.0,1.0,True,9.0,False,14,2.5,D,35.004,862.6,24.64,13,0.421,13.16,31.24,22,-0.115,-4.56,39.58,14,8.313,346.46,41.68,37,0.288,8.37,29.1,17,12.886,739.88,57.42,40,0.72,22.72,31.55,30
-0.115,25.125857142857143,6,7,130,SMA,30,SMA,True,True,True,2.0,1.25,True,8.0,False,14,2.5,D,144.754,2223.42,15.36,7,0.364,14.33,39.36,20,11.764,308.27,26.21,15,14.514,620.86,42.78,32,2.137,56.74,26.55,20,2.463,117.73,47.8,46,-0.115,-3.8,32.91,30
-0.124,7.938571428571429,6,7,100,SMA,60,SMA,True,True,True,2.0,1.25,True,6.0,False,14,2.5,D,24.093,560.56,23.27,12,0.205,7.07,34.48,20,-0.124,-3.04,24.47,16,25.744,639.27,24.83,28,0.696,24.47,35.15,14,3.862,219.78,56.91,38,1.094,35.15,32.12,25
-0.124,8.720857142857142,6,7,100,SMA,60,SMA,True,True,True,3.0,1.0,True,6.0,False,14,2.5,D,18.813,450.31,23.94,14,0.361,9.84,27.23,19,-0.124,-3.41,27.5,16,30.499,871.28,28.57,29,0.364,11.88,32.67,14,10.025,609.86,60.83,38,1.108,34.74,31.34,25
-0.131,21.541,6,7,130,SMA,30,SMA,True,True,True,3.0,1.25,True,9.0,False,14,2.5,D,114.299,1964.79,17.19,7,0.035,1.51,42.58,20,10.772,391.86,36.38,15,19.93,989.48,49.65,32,1.591,46.01,28.92,20,4.291,242.51,56.52,46,-0.131,-4.76,36.43,30
-0.135,14.857714285714284,6,7,130,SMA,30,SMA,True,True,True,2.0,2.0,True,12.0,False,14,2.5,D,82.821,1868.43,22.56,7,0.362,19.4,53.56,20,9.461,307.32,32.48,15,7.592,446.56,58.82,32,2.456,93.4,38.03,20,1.447,76.87,53.13,46,-0.135,-5.88,43.6,30
-0.143,6.815428571428572,6,7,100,SMA,30,SMA,True,True,True,3.0,1.25,True,8.0,False,14,2.5,D,20.12,792.0,39.36,14,0.511,15.62,30.6,24,2.568,81.71,31.82,19,19.254,1123.28,58.34,45,1.237,38.95,31.5,23,4.161,286.47,68.85,52,-0.143,-6.14,42.84,37
-0.152,23.176571428571428,6,7,100,SMA,44,SMA,True,True,True,2.0,1.25,True,8.0,False,14,2.5,D,146.015,3231.48,22.13,13,1.569,46.04,29.35,22,-0.152,-5.78,37.92,14,6.966,230.06,33.02,37,1.03,29.86,28.99,17,5.858,300.7,51.34,40,0.95,29.29,30.83,30
-0.154,4.249142857142858,6,7,100,SMA,44,SMA,True,True,True,4.0,1.0,True,9.0,False,14,2.5,D,1.436,75.49,52.58,15,-0.154,-5.25,34.1,22,0.091,3.68,40.28,14,5.463,315.05,57.67,38,0.273,8.01,29.36,17,21.872,1428.06,65.29,40,0.763,25.17,32.99,30
-0.159,30.03242857142857,6,7,100,SMA,30,SMA,True,True,True,3.0,1.25,True,9.0,False,14,2.5,D,177.099,4364.24,24.64,12,0.324,10.65,32.84,24,2.105,71.01,33.73,19,26.625,1307.9,49.12,44,0.947,31.94,33.71,23,3.286,233.43,71.03,52,-0.159,-7.01,44.08,37
-0.166,4.144,6,7,100,SMA,60,SMA,True,True,True,3.0,2.0,True,8.0,False,14,2.5,D,12.492,377.33,30.21,14,0.387,17.1,44.22,20,-0.166,-5.88,35.47,16,9.204,541.74,58.86,29,1.126,49.77,44.22,14,4.803,347.19,72.28,38,1.162,51.43,44.27,25
-0.166,36.51185714285714,6,7,130,SMA,60,SMA,True,True,True,2.0,1.25,True,12.0,False,14,2.5,D,201.157,2717.95,13.51,7,-0.166,-8.29,49.97,15,24.439,293.27,12.0,11,24.765,749.04,30.25,13,0.683,23.87,34.96,11,3.42,175.76,51.39,33,1.285,33.33,25.94,17
-0.166,21.99885714285714,6,7,130,SMA,30,SMA,True,True,True,4.0,2.0,True,12.0,False,14,2.5,D,120.403,2716.3,22.56,7,0.268,14.36,53.56,20,11.709,535.96,45.77,15,16.029,1117.91,69.74,32,2.101,79.92,38.03,20,3.648,251.22,68.86,46,-0.166,-7.88,47.54,30
-0.167,28.08585714285714,6,7,130,SMA,30,SMA,True,True,True,2.0,2.0,True,4.0,False,14,2.5,D,163.295,1280.23,7.84,7,4.495,97.65,21.72,20,3.165,62.69,19.81,15,7.966,350.49,44.0,32,13.236,204.53,15.45,20,4.611,178.55,38.72,47,-0.167,-4.63,27.7,30
-0.175,23.502,6,7,130,SMA,30,SMA,True,True,True,3.0,1.0,True,8.0,False,14,2.5,D,135.421,2080.07,15.36,7,-0.175,-6.62,37.95,20,0.324,10.85,33.54,15,21.373,999.24,46.75,32,1.307,33.56,25.67,20,6.127,317.11,51.76,46,0.137,4.49,32.82,30
-0.175,35.862428571428566,6,7,130,SMA,30,SMA,True,True,True,4.0,1.0,True,8.0,False,14,2.5,D,221.926,3408.79,15.36,7,-0.175,-6.62,37.95,20,0.468,16.96,36.27,15,17.502,912.3,52.12,32,1.307,33.56,25.67,20,9.878,581.87,58.91,46,0.131,5.24,39.87,30
-0.177,5.780714285714285,6,7,100,SMA,60,SMA,True,True,True,3.0,2.0,True,9.0,False,14,2.5,D,25.017,830.37,33.19,12,0.123,5.96,48.32,20,-0.177,-6.18,34.97,16,9.441,539.73,57.17,28,0.724,35.0,48.32,14,4.266,312.58,73.27,38,1.071,49.95,46.66,25
-0.19,35.176428571428566,6,7,100,SMA,30,SMA,True,True,True,4.0,2.0,True,12.0,False,14,2.5,D,202.539,6451.44,31.85,12,0.599,26.08,43.51,24,1.956,86.96,44.45,19,37.499,2197.65,58.61,44,1.284,57.3,44.62,23,2.548,209.85,82.35,52,-0.19,-10.77,56.6,37
-0.197,21.590857142857146,6,7,130,SMA,30,SMA,True,True,True,2.0,1.0,True,9.0,False,14,2.5,D,126.233,2169.94,17.19,7,-0.197,-8.0,40.6,20,9.912,275.56,27.8,15,11.289,522.14,46.25,32,1.336,35.67,26.7,20,2.467,118.18,47.91,46,0.096,2.72,28.5,30
-0.198,8.419857142857143,6,7,100,SMA,60,SMA,True,True,True,4.0,1.25,True,8.0,False,14,2.5,D,16.684,514.24,30.82,14,0.14,4.92,35.11,19,-0.198,-6.92,34.96,16,28.144,1078.86,38.33,29,0.197,7.99,40.54,14,12.918,922.0,71.37,38,1.054,41.11,38.99,25
-0.2,23.030142857142863,6,7,100,SMA,44,SMA,True,True,True,2.0,1.0,True,8.0,False,14,2.5,D,146.015,3231.48,22.13,13,0.979,27.1,27.67,22,-0.2,-7.21,36.14,14,6.139,222.64,36.27,37,0.705,18.39,26.07,17,6.776,332.92,49.13,40,0.797,22.76,28.55,30
-0.203,5.316142857142856,6,7,100,SMA,30,SMA,True,True,True,4.0,1.25,True,8.0,False,14,2.5,D,1.796,107.81,60.04,14,0.123,3.76,30.6,24,3.746,120.28,32.11,19,22.863,1373.92,60.09,46,1.225,38.73,31.62,23,7.663,569.6,74.33,52,-0.203,-10.38,51.19,37
-0.205,69.45271428571428,6,7,130,SMA,60,SMA,True,True,True,3.0,1.25,True,12.0,False,14,2.5,D,425.057,6064.47,14.27,7,-0.205,-10.25,49.97,15,29.794,426.12,14.3,11,24.818,904.33,36.44,13,0.592,20.7,34.96,11,5.211,340.69,65.38,33,0.902,32.32,35.82,17
-0.211,8.501857142857142,6,7,100,SMA,44,SMA,True,True,True,4.0,1.25,True,12.0,False,14,2.5,D,34.678,1104.59,31.85,13,0.184,7.23,39.26,22,-0.211,-10.34,49.0,14,7.232,386.91,53.5,37,0.128,4.58,35.8,17,16.867,1139.15,67.54,40,0.635,24.96,39.33,30
-0.215,8.009428571428572,6,7,100,SMA,60,SMA,True,True,True,2.0,1.0,True,6.0,False,14,2.5,D,24.093,560.56,23.27,12,0.91,22.63,24.85,19,-0.215,-5.13,23.9,16,25.596,614.46,24.01,28,0.364,11.88,32.67,14,4.41,241.02,54.66,38,0.908,27.13,29.89,25
-0.224,32.45971428571429,6,7,130,SMA,30,SMA,True,True,True,3.0,2.0,True,12.0,False,14,2.5,D,195.727,4415.6,22.56,7,0.315,16.88,53.56,20,13.185,488.97,37.09,15,13.782,863.44,62.65,32,2.322,88.33,38.03,20,2.111,134.15,63.55,46,-0.224,-10.47,46.66,30
-0.225,30.65014285714286,6,7,100,SMA,44,SMA,True,True,True,3.0,2.0,True,12.0,False,14,2.5,D,198.407,6319.82,31.85,13,1.62,67.88,41.91,22,-0.225,-11.72,51.98,14,6.005,284.26,47.34,37,0.997,41.33,41.47,17,6.785,457.36,67.41,40,0.962,42.17,43.83,30
-0.232,21.37257142857143,6,7,100,SMA,44,SMA,True,True,True,2.0,1.25,True,9.0,False,14,2.5,D,122.483,3018.33,24.64,13,1.332,41.12,30.88,22,-0.232,-9.35,40.31,14,18.625,618.96,33.23,37,0.806,24.61,30.53,17,5.666,295.89,52.22,40,0.928,28.84,31.09,30
-0.245,15.270999999999999,6,7,130,SMA,60,SMA,True,True,True,4.0,1.25,True,12.0,False,14,2.5,D,48.285,1217.78,25.22,7,-0.245,-12.22,49.97,15,13.866,415.49,29.96,11,32.144,1314.46,40.89,13,0.441,15.42,34.96,11,10.943,732.65,66.95,33,1.463,50.98,34.86,17
-0.246,21.366428571428568,6,7,130,SMA,30,SMA,True,True,True,3.0,1.0,True,9.0,False,14,2.5,D,115.502,1985.47,17.19,7,-0.246,-9.99,40.6,20,10.124,368.3,36.38,15,18.353,908.5,49.5,32,1.14,30.44,26.7,20,4.665,258.03,55.31,46,0.027,0.93,34.98,30
-0.256,3.5129999999999995,6,7,130,SMA,44,SMA,True,True,True,2.0,1.25,True,4.0,False,14,2.5,D,0.192,3.55,18.46,8,3.884,84.37,21.72,17,-0.256,-5.03,19.64,9,3.771,134.71,35.72,22,2.081,38.42,18.46,14,11.914,336.56,28.25,35,3.005,49.4,16.44,22
-0.286,21.565285714285718,6,7,100,SMA,44,SMA,True,True,True,2.0,1.0,True,9.0,False,14,2.5,D,122.483,3018.33,24.64,13,0.78,22.79,29.23,22,-0.286,-11.12,38.88,14,19.626,615.44,31.36,37,0.708,18.05,25.49,17,6.871,336.21,48.93,40,0.775,22.33,28.83,30
-0.311,8.127999999999998,6,7,100,SMA,60,SMA,True,True,True,3.0,1.25,True,9.0,False,14,2.5,D,25.017,830.37,33.19,12,0.436,14.62,33.55,19,-0.311,-10.09,32.43,16,24.996,877.06,35.09,28,0.013,0.55,43.08,14,5.991,412.64,68.88,38,0.754,29.94,39.7,25
-0.328,6.069714285714285,6,7,100,SMA,60,SMA,True,True,True,3.0,1.25,True,8.0,False,14,2.5,D,12.492,377.33,30.21,14,0.537,16.82,31.34,19,-0.328,-11.16,33.97,16,22.432,859.92,38.33,29,0.197,7.99,40.54,14,6.364,435.34,68.41,38,0.794,29.92,37.69,25
-0.331,30.785,6,7,100,SMA,44,SMA,True,True,True,3.0,1.25,True,12.0,False,14,2.5,D,198.407,6319.82,31.85,13,0.435,16.35,37.55,22,-0.331,-16.03,48.4,14,5.313,277.26,52.18,37,0.484,15.46,31.95,17,10.546,644.8,61.14,40,0.641,24.38,38.03,30
-0.335,32.75699999999999,6,7,130,SMA,30,SMA,True,True,True,4.0,1.0,True,9.0,False,14,2.5,D,189.492,3257.36,17.19,7,-0.335,-13.62,40.6,20,0.2,7.6,37.99,15,31.156,1677.92,53.86,32,1.14,30.44,26.7,20,7.516,468.62,62.35,46,0.13,5.13,39.61,30
-0.35,4.901714285714285,6,7,100,SMA,30,SMA,True,True,True,2.0,2.0,True,4.0,False,14,2.5,D,3.173,114.78,36.18,14,3.25,90.55,27.86,24,6.099,116.72,19.14,19,7.688,398.51,51.83,46,10.512,200.85,19.11,23,3.94,200.18,50.8,52,-0.35,-14.09,40.24,37
-0.35,8.317285714285713,6,7,100,SMA,60,SMA,True,True,True,4.0,2.0,True,12.0,False,14,2.5,D,25.226,1061.77,42.09,12,0.631,28.06,44.47,19,-0.35,-15.04,42.91,16,25.888,1118.48,43.21,28,0.11,6.13,55.75,14,5.833,468.6,80.34,38,0.883,45.56,51.61,25
-0.367,10.172428571428572,6,7,100,SMA,60,SMA,True,True,True,3.0,2.0,True,4.0,False,14,2.5,D,32.767,604.97,18.46,14,3.802,94.51,24.86,20,-0.367,-9.68,26.34,16,23.121,877.49,37.95,29,5.049,125.48,24.86,14,6.657,322.43,48.44,38,0.178,6.48,36.34,25
-0.374,36.45914285714286,6,7,130,SMA,60,SMA,True,True,True,2.0,1.0,True,12.0,False,14,2.5,D,203.236,2746.04,13.51,7,-0.374,-17.97,48.06,15,23.529,282.35,12.0,11,23.264,698.92,30.04,13,0.555,17.09,30.77,11,3.919,195.09,49.78,33,1.085,26.31,24.25,17
-0.375,38.39114285714286,6,7,100,SMA,44,SMA,True,True,True,3.0,1.0,True,12.0,False,14,2.5,D,250.135,6801.27,27.19,13,0.03,1.1,36.06,22,-0.375,-17.66,47.16,14,5.345,281.63,52.69,37,0.309,8.54,27.58,17,12.791,738.82,57.76,40,0.503,18.12,35.99,30
-0.395,7.323428571428571,6,7,130,SMA,30,SMA,True,True,True,4.0,1.25,True,6.0,False,14,2.5,D,13.207,338.05,25.6,8,0.052,1.62,31.01,20,1.869,54.27,29.03,15,18.502,1024.26,55.36,32,2.721,60.26,22.15,20,15.308,806.89,52.71,46,-0.395,-17.22,43.54,30
-0.411,69.45414285714286,6,7,130,SMA,60,SMA,True,True,True,3.0,1.0,True,12.0,False,14,2.5,D,429.341,6125.58,14.27,7,-0.411,-19.75,48.06,15,26.934,411.64,15.28,11,23.296,844.56,36.25,13,0.458,14.1,30.77,11,5.823,374.09,64.24,33,0.738,25.35,34.35,17
-0.417,10.697857142857144,6,7,100,SMA,60,SMA,True,True,True,4.0,2.0,True,4.0,False,14,2.5,D,14.084,433.05,30.75,14,3.802,94.51,24.86,20,-0.417,-11.53,27.68,16,38.098,1445.92,37.95,29,5.049,125.48,24.86,14,14.095,682.74,48.44,38,0.174,6.86,39.53,25
-0.448,15.048857142857143,6,7,130,SMA,60,SMA,True,True,True,4.0,1.0,True,12.0,False,14,2.5,D,48.837,1231.7,25.22,7,-0.448,-21.53,48.06,15,13.043,401.27,30.77,11,30.187,1229.24,40.72,13,0.297,9.13,30.77,11,12.139,799.5,65.86,33,1.287,42.95,33.37,17
-0.481,31.414428571428573,6,7,130,SMA,30,SMA,True,True,True,3.0,2.0,True,6.0,False,14,2.5,D,190.95,2222.66,11.64,7,1.649,51.14,31.01,20,1.824,51.84,28.43,15,12.59,634.79,50.42,32,7.213,160.71,22.28,20,6.156,325.0,52.8,46,-0.481,-18.15,37.7,30
-0.486,7.6115714285714295,6,7,130,SMA,30,SMA,True,True,True,4.0,1.0,True,6.0,False,14,2.5,D,13.784,342.68,24.86,8,0.519,16.08,31.01,20,1.592,46.23,29.03,15,17.462,975.59,55.87,32,2.118,43.88,20.72,20,18.292,921.16,50.36,46,-0.486,-20.15,41.48,30
-0.491,3.4417142857142857,6,7,130,SMA,44,SMA,True,True,True,2.0,1.0,True,4.0,False,14,2.5,D,0.192,3.55,18.46,8,4.182,66.89,15.99,17,-0.491,-9.64,19.64,9,3.783,135.15,35.72,22,1.298,23.97,18.46,14,12.513,348.37,27.84,35,2.615,40.72,15.57,22
-0.493,22.99,6,7,100,SMA,30,SMA,True,True,True,2.0,2.0,True,6.0,False,14,2.5,D,138.714,2350.04,16.94,12,1.405,52.8,37.57,24,2.904,79.03,27.22,19,10.855,519.48,47.86,44,5.605,152.39,27.19,23,1.94,117.4,60.52,52,-0.493,-19.84,40.25,37
-0.493,4.300571428571429,6,7,100,SMA,30,SMA,True,True,True,3.0,2.0,True,6.0,False,14,2.5,D,2.436,120.29,49.37,14,0.946,36.94,39.04,24,4.617,127.06,27.52,19,12.184,730.63,59.97,46,5.565,151.98,27.31,23,4.849,324.88,67.0,52,-0.493,-23.53,47.74,37
-0.569,5.816142857142857,6,7,130,SMA,44,SMA,True,True,True,3.0,2.0,True,8.0,False,14,2.5,D,17.557,435.47,24.8,8,4.274,128.63,30.1,17,-0.569,-20.21,35.52,9,4.384,247.97,56.56,22,1.021,34.8,34.09,14,12.004,518.86,43.22,35,2.042,59.1,28.94,22
-0.571,15.145714285714288,6,7,130,SMA,60,SMA,True,True,True,2.0,2.0,True,4.0,False,14,2.5,D,70.263,662.1,9.42,7,6.639,144.22,21.72,15,-0.571,-13.86,24.26,11,16.065,447.59,27.86,13,4.05,87.98,21.72,11,7.073,270.24,38.21,33,2.501,48.26,19.29,17
-0.588,14.25057142857143,6,7,130,SMA,60,SMA,True,True,True,2.0,1.25,True,4.0,False,14,2.5,D,70.263,662.1,9.42,7,2.698,58.61,21.72,15,-0.588,-9.91,16.86,11,15.079,420.11,27.86,13,1.8,39.11,21.72,11,7.337,277.49,37.82,33,3.165,57.44,18.15,17
-0.607,8.179285714285713,6,7,100,SMA,30,SMA,True,True,True,4.0,1.0,True,6.0,False,14,2.5,D,3.728,184.08,49.37,14,0.451,10.92,24.21,24,1.257,35.91,28.56,19,34.349,1846.26,53.75,47,1.344,33.87,25.2,23,16.733,1071.69,64.05,52,-0.607,-31.71,52.26,37
-0.658,19.131000000000004,6,7,130,SMA,30,SMA,True,True,True,2.0,2.0,True,6.0,False,14,2.5,D,97.868,1139.19,11.64,7,1.775,55.04,31.01,20,13.526,347.68,25.71,15,11.452,496.96,43.39,32,7.213,160.71,22.28,20,2.741,127.78,46.63,46,-0.658,-21.12,32.09,30
-0.666,16.96242857142857,6,7,130,SMA,60,SMA,True,True,True,3.0,2.0,True,4.0,False,14,2.5,D,73.87,851.45,11.53,8,6.639,144.22,21.72,15,-0.666,-18.2,27.33,11,26.353,734.21,27.86,13,4.05,87.98,21.72,11,7.012,272.98,38.93,33,1.479,30.2,20.41,17
-0.686,3.814,6,7,130,SMA,44,SMA,True,True,True,3.0,1.25,True,6.0,False,14,2.5,D,0.133,3.53,26.61,8,2.836,67.59,23.83,17,-0.686,-19.34,28.2,9,3.641,168.73,46.35,22,0.788,20.96,26.61,14,17.263,667.06,38.64,35,2.723,56.92,20.9,22
-0.696,6.8395714285714275,6,7,130,SMA,44,SMA,True,True,True,4.0,2.0,True,9.0,False,14,2.5,D,19.326,596.09,30.84,8,3.214,108.68,33.82,17,-0.696,-27.43,39.4,9,6.578,382.81,58.19,22,0.757,28.44,37.6,14,16.316,847.81,51.96,35,2.382,74.93,31.45,22
-0.701,13.921999999999997,6,7,130,SMA,60,SMA,True,True,True,4.0,2.0,True,4.0,False,14,2.5,D,33.842,624.81,18.46,8,6.639,144.22,21.72,15,-0.701,-20.1,28.69,11,37.861,1054.84,27.86,13,4.05,87.98,21.72,11,13.764,546.34,39.69,33,1.999,40.81,20.41,17
-0.712,15.960142857142857,6,7,130,SMA,60,SMA,True,True,True,3.0,1.25,True,4.0,False,14,2.5,D,73.87,851.45,11.53,8,2.698,58.61,21.72,15,-0.712,-14.4,20.23,11,24.813,691.32,27.86,13,1.8,39.11,21.72,11,7.272,280.29,38.54,33,1.98,38.18,19.28,17
-0.713,3.7081428571428576,6,7,130,SMA,44,SMA,True,True,True,3.0,2.0,True,6.0,False,14,2.5,D,0.065,1.72,26.61,8,4.553,141.2,31.01,17,-0.713,-23.18,32.51,9,3.294,160.85,48.83,22,2.211,58.83,26.61,14,15.598,616.78,39.54,35,0.949,23.26,24.5,22
-0.732,13.925714285714283,6,7,130,SMA,60,SMA,True,True,True,2.0,1.0,True,4.0,False,14,2.5,D,70.263,662.1,9.42,7,1.621,35.22,21.72,15,-0.732,-12.34,16.86,11,14.75,410.95,27.86,13,1.127,24.48,21.72,11,7.722,287.38,37.21,33,2.729,47.2,17.3,17
-0.754,12.870857142857144,6,7,130,SMA,60,SMA,True,True,True,4.0,1.25,True,4.0,False,14,2.5,D,33.842,624.81,18.46,8,2.698,58.61,21.72,15,-0.754,-16.37,21.72,11,35.703,994.71,27.86,13,1.8,39.11,21.72,11,14.24,559.83,39.32,33,2.567,49.49,19.28,17
-0.783,8.24,6,7,130,SMA,30,SMA,True,True,True,4.0,2.0,True,6.0,False,14,2.5,D,12.464,331.65,26.61,8,1.649,51.14,31.01,20,2.596,75.39,29.03,15,20.286,1127.85,55.6,32,7.213,160.71,22.28,20,14.255,761.28,53.41,46,-0.783,-37.93,48.44,30
-0.784,6.579000000000001,6,7,100,SMA,30,SMA,True,True,True,4.0,2.0,True,6.0,False,14,2.5,D,3.728,184.08,49.37,14,0.946,36.94,39.04,24,1.894,58.41,30.84,19,22.439,1439.4,64.15,47,5.525,151.56,27.43,23,12.305,825.79,67.11,52,-0.784,-44.65,56.95,37
-0.788,11.371285714285714,6,7,130,SMA,60,SMA,True,True,True,3.0,2.0,True,8.0,False,14,2.5,D,52.046,912.94,17.54,7,1.428,56.21,39.36,15,-0.788,-24.11,30.62,11,17.063,754.46,44.22,13,0.907,35.7,39.36,11,6.645,390.26,58.73,33,2.298,72.7,31.63,17
-0.811,15.15528571428571,6,7,130,SMA,60,SMA,True,True,True,4.0,2.0,True,8.0,False,14,2.5,D,75.023,1370.51,18.27,7,1.428,56.21,39.36,15,-0.811,-25.45,31.37,11,13.657,664.8,48.68,13,0.907,35.7,39.36,11,12.844,787.8,61.33,33,3.039,97.48,32.08,17
-0.827,15.618285714285715,6,7,130,SMA,60,SMA,True,True,True,3.0,1.0,True,4.0,False,14,2.5,D,73.87,851.45,11.53,8,1.621,35.22,21.72,15,-0.827,-16.74,20.23,11,24.3,677.02,27.86,13,1.127,24.48,21.72,11,7.65,290.27,37.94,33,1.587,29.27,18.45,17
-0.829,4.313571428571429,6,7,130,SMA,44,SMA,True,True,True,3.0,1.0,True,6.0,False,14,2.5,D,0.182,4.84,26.61,8,2.016,49.17,24.39,17,-0.829,-23.37,28.2,9,3.623,167.37,46.19,22,1.604,32.93,20.54,14,20.992,747.07,35.59,35,2.607,50.19,19.25,22
-0.852,9.370000000000001,6,7,100,SMA,60,SMA,True,True,True,3.0,1.25,True,4.0,False,14,2.5,D,32.767,604.97,18.46,14,1.07,26.74,24.99,20,-0.852,-22.45,26.34,16,22.965,856.28,37.29,29,2.091,51.98,24.86,14,6.854,336.11,49.03,38,0.695,20.61,29.64,25
-0.859,12.543428571428569,6,7,130,SMA,60,SMA,True,True,True,4.0,1.0,True,4.0,False,14,2.5,D,33.842,624.81,18.46,8,1.621,35.22,21.72,15,-0.859,-18.67,21.72,11,34.983,974.67,27.86,13,1.127,24.48,21.72,11,14.932,578.23,38.72,33,2.158,39.81,18.45,17
-0.862,14.776857142857143,6,7,130,SMA,60,SMA,True,True,True,3.0,2.0,True,6.0,False,14,2.5,D,73.128,1017.69,13.92,7,3.096,96.02,31.01,15,-0.862,-29.29,33.96,11,14.873,580.69,39.04,13,1.931,59.9,31.01,11,9.668,496.81,51.39,33,1.604,43.02,26.82,17
-0.87,9.906571428571429,6,7,100,SMA,60,SMA,True,True,True,4.0,1.25,True,4.0,False,14,2.5,D,14.084,433.05,30.75,14,1.07,26.74,24.99,20,-0.87,-24.07,27.68,16,37.864,1411.82,37.29,29,2.091,51.98,24.86,14,14.472,709.61,49.03,38,0.635,21.05,33.16,25
-0.874,6.895857142857144,6,7,130,SMA,44,SMA,True,True,True,3.0,1.25,True,8.0,False,14,2.5,D,18.374,455.72,24.8,8,1.668,52.71,31.6,17,-0.874,-31.04,35.52,9,9.048,407.3,45.02,22,1.347,35.48,26.34,14,16.861,644.43,38.22,35,1.847,44.76,24.23,22
-0.88,14.899142857142857,6,7,130,SMA,60,SMA,True,True,True,3.0,1.25,True,6.0,False,14,2.5,D,74.331,1034.44,13.92,7,0.86,26.66,31.01,15,-0.88,-21.45,24.39,11,15.952,575.64,36.09,13,0.6,18.61,31.01,11,10.727,537.21,50.08,33,2.704,63.08,23.33,17
-0.888,15.060714285714285,6,7,130,SMA,60,SMA,True,True,True,4.0,2.0,True,9.0,False,14,2.5,D,65.929,1320.88,20.03,7,0.903,39.04,43.21,15,-0.888,-30.44,34.3,11,26.232,1167.84,44.52,13,0.577,24.91,43.21,11,10.176,661.0,64.96,33,2.496,85.54,34.27,17
-0.892,5.55657142857143,6,7,130,SMA,44,SMA,True,True,True,4.0,1.25,True,8.0,False,14,2.5,D,0.079,2.68,34.09,8,1.668,52.71,31.6,17,-0.892,-32.1,36.0,9,6.272,282.34,45.02,22,1.347,35.48,26.34,14,27.774,1227.23,44.19,35,2.648,64.79,24.46,22
-0.916,17.799285714285713,6,7,130,SMA,60,SMA,True,True,True,4.0,2.0,True,6.0,False,14,2.5,D,77.475,1137.0,14.68,8,3.096,96.02,31.01,15,-0.916,-34.57,37.75,11,21.541,841.01,39.04,13,1.931,59.9,31.01,11,20.987,1091.64,52.02,33,0.481,13.64,28.37,17
-0.945,18.10157142857143,6,7,130,SMA,60,SMA,True,True,True,4.0,1.25,True,6.0,False,14,2.5,D,78.729,1155.39,14.68,8,0.86,26.66,31.01,15,-0.945,-27.16,28.73,11,23.11,833.92,36.09,13,0.6,18.61,31.01,11,23.183,1175.92,50.72,33,1.174,29.29,24.95,17
-0.949,9.512857142857143,6,7,100,SMA,60,SMA,True,True,True,3.0,1.0,True,4.0,False,14,2.5,D,32.767,604.97,18.46,14,0.427,11.08,25.94,20,-0.949,-24.19,25.51,16,25.714,907.41,35.29,29,1.275,31.68,24.86,14,6.903,339.84,49.23,38,0.453,12.66,27.96,25
-0.955,8.583,6,7,130,SMA,44,SMA,True,True,True,4.0,1.25,True,9.0,False,14,2.5,D,20.043,618.22,30.84,8,1.23,42.44,34.51,17,-0.955,-37.64,39.4,9,11.81,579.49,49.07,22,0.997,28.64,28.72,14,24.728,1151.69,46.57,35,2.228,58.14,26.1,22
-0.96,10.305714285714286,6,7,100,SMA,60,SMA,True,True,True,4.0,1.0,True,4.0,False,14,2.5,D,14.084,433.05,30.75,14,0.427,11.08,25.94,20,-0.96,-25.79,26.86,16,42.337,1494.02,35.29,29,1.275,31.68,24.86,14,14.563,716.94,49.23,38,0.414,13.06,31.56,25
-0.972,7.167000000000001,6,7,130,SMA,44,SMA,True,True,True,3.0,1.0,True,8.0,False,14,2.5,D,18.607,461.5,24.8,8,0.951,29.37,30.9,17,-0.972,-34.54,35.52,9,8.502,381.38,44.86,22,0.942,22.92,24.33,14,19.884,725.85,36.5,35,2.255,51.09,22.65,22
-0.987,15.186000000000002,6,7,130,SMA,60,SMA,True,True,True,3.0,1.0,True,6.0,False,14,2.5,D,75.202,1046.56,13.92,7,0.56,17.36,31.01,15,-0.987,-24.06,24.39,11,15.749,565.37,35.9,13,1.111,27.32,24.6,11,12.194,580.51,47.61,33,2.473,53.74,21.74,17
-0.989,6.046857142857143,6,7,130,SMA,44,SMA,True,True,True,4.0,1.0,True,8.0,False,14,2.5,D,0.117,3.98,34.09,8,0.951,29.37,30.9,17,-0.989,-35.61,36.0,9,5.866,263.12,44.86,22,0.942,22.92,24.33,14,32.293,1376.87,42.64,35,3.148,72.06,22.89,22
-1.013,14.653000000000002,6,7,130,SMA,60,SMA,True,True,True,3.0,1.25,True,8.0,False,14,2.5,D,54.308,952.6,17.54,7,0.333,13.11,39.36,15,-1.013,-31.03,30.62,11,37.784,1110.53,29.39,13,0.915,28.42,31.05,11,8.466,463.94,54.8,33,1.778,47.41,26.66,17
-1.031,18.610142857142854,6,7,130,SMA,60,SMA,True,True,True,4.0,1.0,True,6.0,False,14,2.5,D,79.636,1168.71,14.68,8,0.56,17.36,31.01,15,-1.031,-29.63,28.73,11,22.828,819.5,35.9,13,1.111,27.32,24.6,11,26.226,1266.24,48.28,33,0.941,22.01,23.39,17
-1.032,18.622285714285717,6,7,130,SMA,60,SMA,True,True,True,4.0,1.25,True,8.0,False,14,2.5,D,78.095,1426.62,18.27,7,0.333,13.11,39.36,15,-1.032,-32.38,31.37,11,33.472,983.78,29.39,13,0.915,28.42,31.05,11,16.094,927.89,57.66,33,2.479,68.36,27.57,17
-1.039,8.875285714285713,6,7,130,SMA,44,SMA,True,True,True,4.0,1.0,True,9.0,False,14,2.5,D,20.282,625.6,30.84,8,0.607,20.55,33.86,17,-1.039,-40.93,39.4,9,11.12,544.0,48.92,22,0.868,21.31,24.56,14,27.569,1243.09,45.09,35,2.72,66.81,24.56,22
-1.079,19.15885714285714,6,7,130,SMA,60,SMA,True,True,True,4.0,1.25,True,9.0,False,14,2.5,D,68.234,1367.06,20.03,7,0.096,4.09,42.58,15,-1.079,-37.0,34.3,11,49.993,1620.35,32.41,13,0.66,21.95,33.27,11,14.152,860.05,60.77,33,2.056,59.9,29.14,17
-1.101,14.643000000000002,6,7,100,SMA,60,SMA,True,True,True,4.0,1.0,True,6.0,False,14,2.5,D,28.517,701.73,24.61,14,0.361,9.84,27.23,19,-1.101,-38.31,34.79,16,51.112,1460.15,28.57,29,0.364,11.88,32.67,14,23.187,1413.56,60.96,38,0.061,2.09,34.02,25
-1.194,3.620857142857143,6,7,130,SMA,44,SMA,True,True,True,2.0,2.0,True,4.0,False,14,2.5,D,0.192,3.55,18.46,8,4.614,100.23,21.72,17,-1.194,-34.5,28.9,9,4.151,148.29,35.72,22,4.696,86.71,18.46,14,11.674,325.17,27.85,35,1.213,22.39,18.46,22
-1.268,2.5168571428571425,6,7,100,SMA,44,SMA,True,True,True,2.0,1.0,True,4.0,False,14,2.5,D,-1.268,-55.21,43.53,15,1.448,31.46,21.72,23,0.691,15.64,22.62,14,4.222,178.77,42.34,38,2.024,38.55,19.04,17,9.193,403.2,43.86,40,1.308,29.69,22.7,30
-1.268,2.7184285714285714,6,7,100,SMA,44,SMA,True,True,True,2.0,1.25,True,4.0,False,14,2.5,D,-1.268,-55.21,43.53,15,1.885,40.95,21.72,23,0.856,20.1,23.49,14,3.661,161.5,44.12,38,3.18,60.56,19.04,17,9.133,396.52,43.42,40,1.582,38.78,24.51,30
-1.268,3.012285714285714,6,7,100,SMA,44,SMA,True,True,True,2.0,2.0,True,4.0,False,14,2.5,D,-1.268,-55.21,43.53,15,1.85,51.96,28.08,23,0.249,5.85,23.49,14,3.782,169.08,44.71,38,7.401,140.95,19.04,17,8.804,370.45,42.08,40,0.268,8.48,31.7,30
-1.268,3.926571428571428,6,7,100,SMA,44,SMA,True,True,True,3.0,1.0,True,6.0,False,14,2.5,D,-1.268,-73.49,57.95,15,0.887,21.46,24.21,22,0.387,12.05,31.15,14,8.482,331.18,39.04,38,0.882,22.34,25.33,17,16.955,912.03,53.79,40,1.161,31.31,26.96,30
-1.268,3.600428571428572,6,7,100,SMA,44,SMA,True,True,True,3.0,1.25,True,6.0,False,14,2.5,D,-1.268,-73.49,57.95,15,0.67,20.3,30.3,23,0.51,16.14,31.67,14,8.775,342.61,39.04,38,1.349,36.96,27.4,17,13.858,789.82,57.0,40,1.309,38.35,29.29,30
-1.268,3.028714285714286,6,7,100,SMA,44,SMA,True,True,True,3.0,2.0,True,6.0,False,14,2.5,D,-1.268,-73.49,57.95,15,2.032,63.02,31.01,23,0.891,29.7,33.35,14,3.1,181.91,58.68,38,3.646,99.88,27.4,17,12.48,720.5,57.73,40,0.32,11.31,35.39,30
-1.268,4.760857142857144,6,7,100,SMA,44,SMA,True,True,True,4.0,1.0,True,8.0,False,14,2.5,D,-1.268,-87.36,68.88,15,0.092,2.8,30.39,22,0.25,9.42,37.61,14,6.799,358.53,52.73,38,0.362,10.55,29.15,17,26.132,1634.58,62.55,40,0.959,30.21,31.5,30
-1.268,4.569999999999999,6,7,100,SMA,44,SMA,True,True,True,4.0,1.25,True,8.0,False,14,2.5,D,-1.268,-87.36,68.88,15,0.598,18.3,30.6,22,0.282,11.11,39.34,14,7.343,369.55,50.33,38,0.664,21.22,31.94,17,23.267,1493.18,64.17,40,1.104,37.19,33.69,30
-1.268,3.2215714285714285,6,7,100,SMA,44,SMA,True,True,True,4.0,2.0,True,8.0,False,14,2.5,D,-1.268,-87.36,68.88,15,1.132,44.55,39.36,23,0.555,22.62,40.72,14,3.065,206.9,67.51,38,1.866,65.38,35.03,17,15.907,1103.15,69.35,40,1.294,52.65,40.7,30
-0.037,24.25728571428571,5,7,100,SMA,60,SMA,True,True,True,3.0,1.25,True,12.0,False,14,2.5,D,145.655,4895.28,33.61,12,0.063,2.41,38.48,19,-0.007,-0.18,23.6,16,18.871,808.05,42.82,28,-0.037,-1.6,43.33,14,4.787,342.79,71.61,38,0.469,21.33,45.47,25
-0.049,24.959142857142858,5,7,130,SMA,30,SMA,True,True,True,2.0,1.0,True,8.0,False,14,2.5,D,146.266,2246.65,15.36,7,-0.047,-1.8,37.95,20,11.014,288.63,26.21,15,13.338,568.35,42.61,32,1.46,37.48,25.67,20,2.732,126.65,46.35,46,-0.049,-1.53,31.37,30
-0.059,33.10071428571429,5,7,130,SMA,30,SMA,True,True,True,4.0,1.25,True,9.0,False,14,2.5,D,187.566,3224.25,17.19,7,-0.059,-2.53,42.58,20,0.362,13.75,37.99,15,35.281,1823.29,51.68,32,1.591,46.01,28.92,20,6.984,442.53,63.36,46,-0.02,-0.82,40.96,30
-0.108,8.822142857142856,5,7,100,SMA,60,SMA,True,True,True,3.0,1.25,True,6.0,False,14,2.5,D,18.813,450.31,23.94,14,-0.108,-4.17,38.63,20,-0.046,-1.28,28.04,16,32.161,905.57,28.16,29,0.696,24.47,35.15,14,8.948,561.76,62.78,38,1.291,43.28,33.53,25
-0.15,40.662,5,7,100,SMA,30,SMA,True,True,True,3.0,1.25,True,12.0,False,14,2.5,D,262.602,8364.59,31.85,12,-0.121,-4.98,41.29,24,2.089,74.03,35.44,19,16.928,1029.35,60.81,44,0.807,27.9,34.59,23,2.479,177.23,71.5,52,-0.15,-7.15,47.71,37
-0.154,5.080857142857142,5,7,100,SMA,30,SMA,True,True,True,3.0,1.25,True,6.0,False,14,2.5,D,2.436,120.29,49.37,14,-0.154,-6.16,39.87,24,4.097,105.27,25.7,19,21.868,1000.58,45.76,46,1.933,52.56,27.19,23,5.4,358.68,66.42,52,-0.014,-0.62,44.01,37
-0.193,29.772714285714283,5,7,100,SMA,30,SMA,True,True,True,3.0,1.0,True,9.0,False,14,2.5,D,177.099,4364.24,24.64,12,-0.071,-2.41,33.88,24,2.086,67.02,32.13,19,25.072,1267.18,50.54,44,0.585,17.97,30.72,23,3.831,264.47,69.03,52,-0.193,-8.1,41.9,37
-0.2,4.890714285714287,5,7,100,SMA,60,SMA,True,True,True,4.0,2.0,True,9.0,False,14,2.5,D,15.58,526.31,33.78,14,-0.2,-10.66,53.4,20,-0.167,-6.53,39.15,16,9.63,607.83,63.12,29,0.724,35.0,48.32,14,7.517,589.6,78.44,38,1.151,54.99,47.78,25
-0.232,6.508285714285714,5,7,100,SMA,30,SMA,True,True,True,3.0,1.0,True,8.0,False,14,2.5,D,20.12,792.0,39.36,14,-0.002,-0.07,31.94,24,2.62,78.25,29.87,19,17.64,1064.38,60.34,45,0.74,22.02,29.75,23,4.672,315.04,67.44,52,-0.232,-9.42,40.61,37
-0.239,3.7824285714285715,5,7,100,SMA,30,SMA,True,True,True,4.0,2.0,True,9.0,False,14,2.5,D,1.185,76.5,64.56,14,-0.239,-13.04,54.55,24,3.424,124.93,36.48,19,16.397,1228.44,74.92,45,2.341,89.66,38.3,23,3.476,283.52,81.55,52,-0.107,-6.04,56.58,37
-0.243,50.37685714285715,5,7,100,SMA,30,SMA,True,True,True,3.0,1.0,True,12.0,False,14,2.5,D,330.959,8998.88,27.19,12,-0.243,-9.3,38.22,24,2.065,69.97,33.88,19,16.605,1016.26,61.2,44,0.459,14.49,31.57,23,2.991,206.43,69.02,52,-0.198,-9.04,45.66,37
-0.249,5.077714285714285,5,7,100,SMA,30,SMA,True,True,True,4.0,1.25,True,9.0,False,14,2.5,D,1.185,76.5,64.56,14,-0.195,-6.8,34.91,24,3.089,105.05,34.01,19,25.157,1663.54,66.13,45,0.938,31.73,33.82,23,5.619,436.75,77.73,52,-0.249,-12.56,50.44,37
-0.284,6.941285714285714,5,7,100,SMA,60,SMA,True,True,True,4.0,1.25,True,9.0,False,14,2.5,D,15.58,526.31,33.78,14,-0.084,-3.28,39.02,19,-0.284,-10.43,36.78,16,22.301,983.69,44.11,29,0.013,0.55,43.08,14,10.227,765.95,74.89,38,0.836,34.25,40.96,25
-0.291,34.25371428571429,5,7,100,SMA,30,SMA,True,True,True,4.0,1.25,True,12.0,False,14,2.5,D,202.539,6451.44,31.85,12,-0.271,-11.92,44.03,24,1.891,76.23,40.32,19,31.699,1984.41,62.6,44,0.419,15.98,38.17,23,3.79,299.21,78.95,52,-0.291,-14.9,51.22,37
-0.326,5.040285714285715,5,7,100,SMA,30,SMA,True,True,True,4.0,1.0,True,8.0,False,14,2.5,D,1.796,107.81,60.04,14,-0.326,-10.43,31.94,24,3.848,116.08,30.16,19,21.005,1302.51,62.01,46,0.731,21.82,29.87,23,8.502,622.13,73.17,52,-0.274,-13.5,49.28,37
-0.345,7.977285714285714,5,7,100,SMA,60,SMA,True,True,True,3.0,1.0,True,9.0,False,14,2.5,D,25.017,830.37,33.19,12,0.071,2.29,32.21,19,-0.345,-10.62,30.8,16,23.561,865.46,36.73,28,-0.098,-3.75,38.12,14,7.044,471.3,66.91,38,0.591,22.27,37.71,25
-0.352,5.741857142857143,5,7,100,SMA,60,SMA,True,True,True,3.0,1.0,True,8.0,False,14,2.5,D,12.492,377.33,30.21,14,0.138,4.27,30.98,19,-0.352,-11.29,32.08,16,20.171,829.8,41.14,29,-0.013,-0.5,37.25,14,7.133,478.97,67.15,38,0.624,22.25,35.63,25
-0.354,15.23557142857143,5,7,130,SMA,30,SMA,True,True,True,2.0,1.25,True,12.0,False,14,2.5,D,85.524,1929.43,22.56,7,-0.354,-17.68,49.97,20,7.832,254.41,32.48,15,10.4,549.1,52.8,32,1.261,42.36,33.59,20,2.037,99.8,49.0,46,-0.051,-1.65,32.4,30
-0.388,36.398,5,7,100,SMA,30,SMA,True,True,True,4.0,1.0,True,12.0,False,14,2.5,D,217.967,6942.85,31.85,12,-0.388,-15.94,41.1,24,1.855,72.11,38.88,19,31.119,1959.82,62.98,44,0.11,3.89,35.33,23,4.46,344.01,77.12,52,-0.337,-16.6,49.32,37
-0.39,33.53900000000001,5,7,130,SMA,30,SMA,True,True,True,3.0,1.25,True,12.0,False,14,2.5,D,201.874,4554.29,22.56,7,-0.39,-19.48,49.97,20,11.145,413.32,37.09,15,18.372,1050.51,57.18,32,1.151,38.68,33.59,20,2.773,167.33,60.34,46,-0.152,-6.47,42.51,30
-0.407,15.126428571428573,5,7,130,SMA,30,SMA,True,True,True,2.0,1.0,True,12.0,False,14,2.5,D,86.426,1949.76,22.56,7,-0.407,-19.28,47.38,20,7.304,237.27,32.48,15,9.536,502.13,52.66,32,0.869,27.32,31.45,20,2.265,107.77,47.59,46,-0.108,-3.33,30.86,30
-0.426,23.10314285714286,5,7,130,SMA,30,SMA,True,True,True,4.0,1.25,True,12.0,False,14,2.5,D,124.253,2803.16,22.56,7,-0.426,-21.29,49.97,20,9.925,454.3,45.77,15,22.466,1356.58,60.39,32,0.97,32.57,33.59,20,4.619,305.36,66.11,46,-0.085,-3.74,43.81,30
-0.444,33.49485714285715,5,7,130,SMA,30,SMA,True,True,True,3.0,1.0,True,12.0,False,14,2.5,D,203.924,4600.52,22.56,7,-0.444,-21.05,47.38,20,10.484,388.82,37.09,15,16.911,964.82,57.05,32,0.765,24.05,31.45,20,3.02,178.88,59.24,46,-0.196,-8.06,41.2,30
-0.482,22.863428571428575,5,7,130,SMA,30,SMA,True,True,True,4.0,1.0,True,12.0,False,14,2.5,D,125.537,2832.11,22.56,7,-0.482,-22.82,47.38,20,9.347,427.85,45.77,15,20.203,1247.26,61.73,32,0.592,18.61,31.45,20,4.974,324.2,65.17,46,-0.127,-5.39,42.52,30
-0.495,4.935285714285714,5,7,100,SMA,30,SMA,True,True,True,4.0,1.0,True,9.0,False,14,2.5,D,1.185,76.5,64.56,14,-0.495,-17.93,36.26,24,3.093,100.26,32.42,19,24.037,1612.22,67.07,45,0.577,17.78,30.84,23,6.43,489.98,76.2,52,-0.28,-13.58,48.51,37
-0.543,8.278142857142857,5,7,100,SMA,30,SMA,True,True,True,4.0,1.25,True,6.0,False,14,2.5,D,3.728,184.08,49.37,14,-0.154,-6.16,39.87,24,1.442,41.96,29.1,19,37.962,1951.97,51.42,47,1.916,52.32,27.31,23,13.596,904.62,66.54,52,-0.543,-29.28,53.93,37
-0.589,4.3792857142857144,5,7,130,SMA,44,SMA,True,True,True,4.0,2.0,True,8.0,False,14,2.5,D,-0.056,-1.9,34.09,8,4.274,128.63,30.1,17,-0.589,-21.2,36.0,9,2.761,164.19,59.47,22,1.021,34.8,34.09,14,20.458,996.44,48.71,35,2.786,81.26,29.16,22
-0.851,9.814857142857141,5,7,100,SMA,60,SMA,True,True,True,4.0,2.0,True,6.0,False,14,2.5,D,28.517,701.73,24.61,14,1.134,40.08,35.33,20,-0.851,-31.39,36.87,16,18.612,945.1,50.78,29,2.39,84.01,35.15,14,19.0,1215.43,63.97,38,-0.098,-4.07,41.64,25
-1.039,14.582571428571427,5,7,100,SMA,60,SMA,True,True,True,4.0,1.25,True,6.0,False,14,2.5,D,28.517,701.73,24.61,14,-0.108,-4.17,38.63,20,-1.039,-36.66,35.28,16,53.005,1516.17,28.6,29,0.696,24.47,35.15,14,20.776,1306.94,62.91,38,0.231,8.36,36.13,25
-1.089,14.556142857142856,5,7,130,SMA,60,SMA,True,True,True,3.0,1.0,True,8.0,False,14,2.5,D,54.952,963.91,17.54,7,-0.006,-0.22,37.95,15,-1.089,-33.34,30.62,11,35.565,1037.97,29.19,13,0.63,17.76,28.19,11,9.927,529.18,53.31,33,1.914,47.92,25.03,17
-1.106,18.759000000000004,5,7,130,SMA,60,SMA,True,True,True,4.0,1.0,True,8.0,False,14,2.5,D,78.97,1442.61,18.27,7,-0.006,-0.22,37.95,15,-1.106,-34.7,31.37,11,31.481,918.78,29.19,13,0.63,17.76,28.19,11,18.699,1051.92,56.26,33,2.645,68.94,26.07,17
-1.143,19.047142857142855,5,7,130,SMA,60,SMA,True,True,True,4.0,1.0,True,9.0,False,14,2.5,D,69.002,1382.46,20.03,7,-0.177,-7.17,40.6,15,-1.143,-39.2,34.3,11,47.065,1516.15,32.21,13,0.571,16.22,28.41,11,15.767,937.76,59.48,33,2.245,62.11,27.66,17
-1.286,4.5597142857142865,5,7,100,SMA,30,SMA,True,True,True,3.0,1.0,True,4.0,False,14,2.5,D,-1.286,-55.99,43.53,14,0.329,9.19,27.92,24,2.284,47.25,20.68,19,23.5,1136.85,48.38,47,2.783,53.04,19.06,23,4.88,255.81,52.42,52,-0.572,-28.92,50.53,37
-1.286,4.750714285714286,5,7,100,SMA,30,SMA,True,True,True,3.0,1.25,True,4.0,False,14,2.5,D,-1.286,-55.99,43.53,14,0.877,24.43,27.86,24,2.508,54.11,21.58,19,22.491,1107.53,49.24,47,4.34,82.92,19.1,23,4.828,251.28,52.05,52,-0.503,-25.81,51.28,37
-1.286,5.568714285714286,5,7,100,SMA,30,SMA,True,True,True,3.0,2.0,True,4.0,False,14,2.5,D,-1.286,-55.99,43.53,14,3.25,90.55,27.86,24,3.867,83.44,21.58,19,19.0,1049.53,55.24,47,10.412,200.35,19.24,23,4.455,226.79,50.91,52,-0.717,-40.73,56.83,37
-1.286,9.935714285714285,5,7,100,SMA,30,SMA,True,True,True,4.0,1.0,True,4.0,False,14,2.5,D,-1.286,-55.99,43.53,14,0.329,9.19,27.92,24,3.421,70.58,20.63,19,55.061,2663.62,48.38,47,2.187,47.91,21.9,23,10.44,547.3,52.42,52,-0.602,-31.98,53.1,37
-1.286,9.896285714285714,5,7,100,SMA,30,SMA,True,True,True,4.0,1.25,True,4.0,False,14,2.5,D,-1.286,-55.99,43.53,14,0.877,24.43,27.86,24,3.644,78.44,21.53,19,52.735,2596.84,49.24,47,3.497,76.74,21.95,23,10.346,538.48,52.05,52,-0.539,-29.03,53.81,37
-1.286,9.900571428571428,5,7,100,SMA,30,SMA,True,True,True,4.0,2.0,True,4.0,False,14,2.5,D,-1.286,-55.99,43.53,14,3.25,90.55,27.86,24,5.206,112.07,21.53,19,44.619,2464.72,55.24,47,8.607,190.05,22.08,23,9.639,490.73,50.91,52,-0.731,-43.18,59.08,37
-1.295,3.040714285714286,5,7,130,SMA,44,SMA,True,True,True,3.0,1.0,True,4.0,False,14,2.5,D,-1.295,-36.09,27.86,9,4.182,66.89,15.99,17,-0.518,-10.48,20.23,9,6.449,228.9,35.49,22,1.298,23.97,18.46,14,10.954,316.98,28.94,35,0.215,5.53,25.66,22
-1.295,3.0328571428571425,5,7,130,SMA,44,SMA,True,True,True,3.0,1.25,True,4.0,False,14,2.5,D,-1.295,-36.09,27.86,9,3.884,84.37,21.72,17,-0.291,-5.89,20.23,9,6.431,228.25,35.49,22,2.081,38.42,18.46,14,9.988,306.09,30.65,35,0.432,11.88,27.52,22
-1.295,7.216285714285713,5,7,130,SMA,44,SMA,True,True,True,4.0,1.0,True,6.0,False,14,2.5,D,-1.295,-48.69,37.59,9,2.016,49.17,24.39,17,-0.841,-24.16,28.73,9,5.45,250.7,46.0,22,1.604,32.93,20.54,14,43.032,1567.17,36.42,35,0.548,14.47,26.42,22
-1.295,4.897,5,7,130,SMA,44,SMA,True,True,True,4.0,1.25,True,4.0,False,14,2.5,D,-1.295,-36.09,27.86,9,3.884,84.37,21.72,17,-0.369,-8.03,21.72,9,9.289,327.59,35.27,22,2.081,38.42,18.46,14,20.538,615.6,29.97,35,0.151,4.89,32.45,22
-1.295,6.206571428571429,5,7,130,SMA,44,SMA,True,True,True,4.0,1.25,True,6.0,False,14,2.5,D,-1.295,-49.48,38.2,9,2.836,67.59,23.83,17,-0.701,-20.14,28.73,9,5.472,252.56,46.16,22,0.788,20.96,26.61,14,35.631,1404.97,39.43,35,0.715,19.49,27.28,22
-1.314,4.140571428571429,5,7,130,SMA,30,SMA,True,True,True,3.0,1.0,True,4.0,False,14,2.5,D,-1.314,-36.61,27.86,8,0.724,15.73,21.72,20,2.774,56.83,20.48,15,17.972,762.92,42.45,32,3.819,58.27,15.26,20,5.493,216.55,39.43,46,-0.484,-20.61,42.6,30
-1.314,4.774285714285715,5,7,130,SMA,30,SMA,True,True,True,3.0,1.25,True,4.0,False,14,2.5,D,-1.314,-36.61,27.86,8,1.561,33.9,21.72,20,3.192,65.38,20.48,15,19.324,804.17,41.62,32,5.776,88.41,15.31,20,5.286,210.19,39.77,46,-0.405,-17.86,44.12,30
-1.314,5.889857142857143,5,7,130,SMA,30,SMA,True,True,True,3.0,2.0,True,4.0,False,14,2.5,D,-1.314,-36.61,27.86,8,4.495,97.65,21.72,20,4.505,92.27,20.48,15,16.432,788.07,47.96,32,13.236,204.53,15.45,20,4.55,179.44,39.44,47,-0.675,-31.78,47.07,30
-1.314,7.555142857142856,5,7,130,SMA,30,SMA,True,True,True,4.0,1.0,True,4.0,False,14,2.5,D,-1.314,-36.61,27.86,8,0.724,15.73,21.72,20,3.655,79.41,21.72,15,35.742,1517.25,42.45,32,3.819,58.27,15.26,20,10.719,430.75,40.18,46,-0.459,-18.93,41.23,30
-1.314,8.349571428571426,5,7,130,SMA,30,SMA,True,True,True,4.0,1.25,True,4.0,False,14,2.5,D,-1.314,-36.61,27.86,8,1.561,33.9,21.72,20,4.099,89.06,21.72,15,38.355,1596.14,41.62,32,5.776,88.41,15.31,20,10.347,419.31,40.52,46,-0.377,-16.12,42.79,30
-1.314,8.991714285714286,5,7,130,SMA,30,SMA,True,True,True,4.0,2.0,True,4.0,False,14,2.5,D,-1.314,-36.61,27.86,8,4.495,97.65,21.72,20,5.495,119.38,21.72,15,32.639,1565.34,47.96,32,13.236,204.53,15.45,20,9.054,363.94,40.2,47,-0.663,-30.37,45.8,30
-0.213,8.121714285714287,4,7,100,SMA,60,SMA,True,True,True,4.0,1.0,True,8.0,False,14,2.5,D,16.684,514.24,30.82,14,-0.178,-6.42,35.98,19,-0.213,-7.05,33.09,16,25.318,1041.56,41.14,29,-0.013,-0.5,37.25,14,14.37,1009.31,70.24,38,0.884,32.7,36.98,25
-0.222,25.902142857142852,4,7,100,SMA,60,SMA,True,True,True,3.0,1.0,True,12.0,False,14,2.5,D,156.815,5270.34,33.61,12,-0.222,-8.67,39.05,19,-0.035,-0.75,21.76,16,18.799,812.98,43.25,28,-0.169,-6.55,38.88,14,5.802,402.11,69.31,38,0.325,14.21,43.67,25
-0.253,9.277285714285714,4,7,100,SMA,44,SMA,True,True,True,4.0,1.0,True,12.0,False,14,2.5,D,37.565,1196.55,31.85,13,-0.182,-6.89,37.88,22,-0.253,-12.08,47.77,14,7.274,392.7,53.98,37,-0.052,-1.65,31.69,17,20.089,1299.96,64.71,40,0.5,18.67,37.33,30
-0.339,6.9554285714285715,4,7,100,SMA,60,SMA,True,True,True,4.0,1.0,True,9.0,False,14,2.5,D,15.58,526.31,33.78,14,-0.339,-13.79,40.7,19,-0.311,-10.95,35.25,16,21.323,970.78,45.53,29,-0.098,-3.75,38.12,14,11.859,869.33,73.31,38,0.674,26.3,39.02,25
-0.41,8.007142857142856,4,7,100,SMA,60,SMA,True,True,True,4.0,1.25,True,12.0,False,14,2.5,D,25.226,1061.77,42.09,12,-0.12,-4.96,41.36,19,-0.41,-15.87,38.67,16,22.423,1065.78,47.53,28,-0.226,-10.47,46.35,14,8.654,665.98,76.96,38,0.503,23.44,46.61,25
-0.44,8.474857142857143,4,7,100,SMA,60,SMA,True,True,True,4.0,1.0,True,12.0,False,14,2.5,D,27.442,1155.05,42.09,12,-0.365,-15.29,41.89,19,-0.44,-16.35,37.19,16,22.373,1072.18,47.92,28,-0.355,-14.94,42.13,14,10.308,774.03,75.09,38,0.361,16.19,44.85,25
-1.268,2.7884285714285713,4,7,100,SMA,44,SMA,True,True,True,3.0,1.0,True,4.0,False,14,2.5,D,-1.268,-55.21,43.53,15,1.28,27.8,21.72,23,-0.739,-18.86,25.51,14,8.778,369.86,42.14,38,1.969,38.08,19.34,17,9.706,426.92,43.99,40,-0.207,-7.54,36.38,30
-1.268,2.8972857142857142,4,7,100,SMA,44,SMA,True,True,True,3.0,1.25,True,4.0,False,14,2.5,D,-1.268,-55.21,43.53,15,1.705,37.04,21.72,23,-0.577,-15.21,26.34,14,7.71,338.65,43.92,38,3.104,60.01,19.34,17,9.643,419.89,43.54,40,-0.036,-1.33,37.39,30
-1.268,3.3264285714285715,4,7,100,SMA,44,SMA,True,True,True,3.0,2.0,True,4.0,False,14,2.5,D,-1.268,-55.21,43.53,15,1.593,47.75,29.99,23,-1.019,-26.85,26.34,14,7.915,352.35,44.52,38,7.246,140.11,19.34,17,9.298,392.45,42.21,40,-0.48,-22.03,45.9,30
-1.268,5.167857142857143,4,7,100,SMA,44,SMA,True,True,True,4.0,1.0,True,4.0,False,14,2.5,D,-1.268,-55.21,43.53,15,1.28,27.8,21.72,23,-0.765,-20.55,26.86,14,14.563,610.67,41.93,38,1.574,34.2,21.72,17,21.202,932.58,43.99,40,-0.411,-18.55,45.1,30
-1.268,7.648142857142857,4,7,100,SMA,44,SMA,True,True,True,4.0,1.0,True,6.0,False,14,2.5,D,-1.268,-73.49,57.95,15,0.675,16.34,24.21,22,-0.973,-33.83,34.79,14,14.567,568.76,39.04,38,0.856,21.92,25.6,17,39.841,2149.4,53.95,40,-0.161,-5.72,35.47,30
-1.268,5.146857142857143,4,7,100,SMA,44,SMA,True,True,True,4.0,1.25,True,4.0,False,14,2.5,D,-1.268,-55.21,43.53,15,1.705,37.04,21.72,23,-0.613,-16.97,27.68,14,12.851,561.89,43.72,38,2.554,55.48,21.72,17,21.086,918.11,43.54,40,-0.287,-13.19,45.98,30
-1.268,6.7744285714285715,4,7,100,SMA,44,SMA,True,True,True,4.0,1.25,True,6.0,False,14,2.5,D,-1.268,-73.49,57.95,15,0.502,15.22,30.3,23,-0.877,-30.94,35.28,14,15.039,587.18,39.04,38,1.32,36.49,27.66,17,32.729,1870.19,57.14,40,-0.024,-0.87,37.05,30
-1.268,5.489142857142857,4,7,100,SMA,44,SMA,True,True,True,4.0,2.0,True,4.0,False,14,2.5,D,-1.268,-55.21,43.53,15,1.593,47.75,29.99,23,-1.026,-28.4,27.68,14,13.16,583.3,44.32,38,6.132,133.21,21.72,17,20.415,861.65,42.21,40,-0.582,-31.05,53.32,30
-1.268,5.466857142857144,4,7,100,SMA,44,SMA,True,True,True,4.0,2.0,True,6.0,False,14,2.5,D,-1.268,-73.49,57.95,15,1.813,56.23,31.01,23,-0.579,-21.35,36.87,14,5.61,328.37,58.54,38,3.586,99.19,27.66,17,29.577,1711.81,57.88,40,-0.471,-19.5,41.41,30
-1.295,3.2167142857142856,4,7,130,SMA,44,SMA,True,True,True,3.0,2.0,True,4.0,False,14,2.5,D,-1.295,-36.09,27.86,9,4.614,100.23,21.72,17,-1.198,-35.24,29.42,9,6.994,248.26,35.49,22,4.696,86.71,18.46,14,8.943,295.6,33.05,35,-0.237,-7.89,33.31,22
-1.295,4.912857142857143,4,7,130,SMA,44,SMA,True,True,True,4.0,1.0,True,4.0,False,14,2.5,D,-1.295,-36.09,27.86,9,4.182,66.89,15.99,17,-0.577,-12.52,21.72,9,9.313,328.46,35.27,22,1.298,23.97,18.46,14,21.502,635.92,29.58,35,-0.033,-1.02,30.72,22
-1.295,5.219428571428572,4,7,130,SMA,44,SMA,True,True,True,4.0,2.0,True,4.0,False,14,2.5,D,-1.295,-36.09,27.86,9,4.614,100.23,21.72,17,-1.198,-36.82,30.75,9,10.049,354.4,35.27,22,4.696,86.71,18.46,14,20.027,596.01,29.76,35,-0.357,-13.53,37.85,22
-1.295,5.977142857142858,4,7,130,SMA,44,SMA,True,True,True,4.0,2.0,True,6.0,False,14,2.5,D,-1.295,-50.57,39.04,9,4.553,141.2,31.01,17,-0.726,-23.97,33.01,9,4.971,241.82,48.65,22,2.211,58.83,26.61,14,32.316,1303.01,40.32,35,-0.19,-5.63,29.67,22
