slow_ma_len,slow_ma_type,fast_ma_len,fast_ma_type,allow_longs,allow_shorts,leverage_long,leverage_short,sl_enable,sl_risk_pct,period_start,period_end,trades,pl_pct,ann_return,end_capital,max_dd,calmar,liq_risk,win_rate,profit_factor,expectancy,sharpe_trade,avg_win,avg_loss,max_win,max_loss,sl_hits,sl_hit_rate,ticker,period_name,mode
100,SMA,44,SMA,True,True,4.0,1.0,False,2.0,2020-10-01,2021-11-30,6,11.16,66.85,1111.64,6.97,9.589,False,33.33,2.664,2.06,0.241,9.87,-1.85,19.02,-4.92,0,0.0,VOO,bull_2020_2021,quick
100,SMA,44,SMA,True,True,4.0,1.0,True,9.0,2020-10-01,2021-11-30,6,11.16,66.85,1111.64,6.97,9.589,False,33.33,2.664,2.06,0.241,9.87,-1.85,19.02,-4.92,0,0.0,VOO,bull_2020_2021,quick
100,SMA,44,SMA,True,True,4.0,1.0,True,12.0,2020-10-01,2021-11-30,6,11.16,66.85,1111.64,6.97,9.589,False,33.33,2.664,2.06,0.241,9.87,-1.85,19.02,-4.92,0,0.0,VOO,bull_2020_2021,quick
100,SMA,60,SMA,True,True,4.0,1.0,False,2.0,2020-10-01,2021-11-30,6,11.16,66.85,1111.64,6.97,9.589,False,33.33,2.664,2.06,0.241,9.87,-1.85,19.02,-4.92,0,0.0,VOO,bull_2020_2021,quick
100,SMA,60,SMA,True,True,4.0,1.0,True,9.0,2020-10-01,2021-11-30,6,11.16,66.85,1111.64,6.97,9.589,False,33.33,2.664,2.06,0.241,9.87,-1.85,19.02,-4.92,0,0.0,VOO,bull_2020_2021,quick
100,SMA,60,SMA,True,True,4.0,1.0,True,12.0,2020-10-01,2021-11-30,6,11.16,66.85,1111.64,6.97,9.589,False,33.33,2.664,2.06,0.241,9.87,-1.85,19.02,-4.92,0,0.0,VOO,bull_2020_2021,quick
100,SMA,44,SMA,True,True,4.0,1.25,False,2.0,2020-10-01,2021-11-30,6,10.47,62.67,1104.67,7.48,8.378,False,33.33,2.458,1.95,0.228,9.87,-2.01,19.02,-4.92,0,0.0,VOO,bull_2020_2021,quick
100,SMA,44,SMA,True,True,4.0,1.25,True,9.0,2020-10-01,2021-11-30,6,10.47,62.67,1104.67,7.48,8.378,False,33.33,2.458,1.95,0.228,9.87,-2.01,19.02,-4.92,0,0.0,VOO,bull_2020_2021,quick
100,SMA,44,SMA,True,True,4.0,1.25,True,12.0,2020-10-01,2021-11-30,6,10.47,62.67,1104.67,7.48,8.378,False,33.33,2.458,1.95,0.228,9.87,-2.01,19.02,-4.92,0,0.0,VOO,bull_2020_2021,quick
100,SMA,60,SMA,True,True,4.0,1.25,False,2.0,2020-10-01,2021-11-30,6,10.47,62.67,1104.67,7.48,8.378,False,33.33,2.458,1.95,0.228,9.87,-2.01,19.02,-4.92,0,0.0,VOO,bull_2020_2021,quick
100,SMA,60,SMA,True,True,4.0,1.25,True,9.0,2020-10-01,2021-11-30,6,10.47,62.67,1104.67,7.48,8.378,False,33.33,2.458,1.95,0.228,9.87,-2.01,19.02,-4.92,0,0.0,VOO,bull_2020_2021,quick
100,SMA,60,SMA,True,True,4.0,1.25,True,12.0,2020-10-01,2021-11-30,6,10.47,62.67,1104.67,7.48,8.378,False,33.33,2.458,1.95,0.228,9.87,-2.01,19.02,-4.92,0,0.0,VOO,bull_2020_2021,quick
100,SMA,44,SMA,True,True,3.0,1.0,False,2.0,2020-10-01,2021-11-30,6,7.91,47.36,1079.1,5.77,8.212,False,33.33,2.396,1.44,0.223,7.4,-1.54,14.26,-3.69,0,0.0,VOO,bull_2020_2021,quick
100,SMA,44,SMA,True,True,3.0,1.0,True,6.0,2020-10-01,2021-11-30,6,7.91,47.36,1079.1,5.77,8.212,False,33.33,2.396,1.44,0.223,7.4,-1.54,14.26,-3.69,0,0.0,VOO,bull_2020_2021,quick
100,SMA,44,SMA,True,True,3.0,1.0,True,9.0,2020-10-01,2021-11-30,6,7.91,47.36,1079.1,5.77,8.212,False,33.33,2.396,1.44,0.223,7.4,-1.54,14.26,-3.69,0,0.0,VOO,bull_2020_2021,quick
100,SMA,44,SMA,True,True,3.0,1.0,True,12.0,2020-10-01,2021-11-30,6,7.91,47.36,1079.1,5.77,8.212,False,33.33,2.396,1.44,0.223,7.4,-1.54,14.26,-3.69,0,0.0,VOO,bull_2020_2021,quick
100,SMA,60,SMA,True,True,3.0,1.0,False,2.0,2020-10-01,2021-11-30,6,7.91,47.36,1079.1,5.77,8.212,False,33.33,2.396,1.44,0.223,7.4,-1.54,14.26,-3.69,0,0.0,VOO,bull_2020_2021,quick
100,SMA,60,SMA,True,True,3.0,1.0,True,6.0,2020-10-01,2021-11-30,6,7.91,47.36,1079.1,5.77,8.212,False,33.33,2.396,1.44,0.223,7.4,-1.54,14.26,-3.69,0,0.0,VOO,bull_2020_2021,quick
100,SMA,60,SMA,True,True,3.0,1.0,True,9.0,2020-10-01,2021-11-30,6,7.91,47.36,1079.1,5.77,8.212,False,33.33,2.396,1.44,0.223,7.4,-1.54,14.26,-3.69,0,0.0,VOO,bull_2020_2021,quick
100,SMA,60,SMA,True,True,3.0,1.0,True,12.0,2020-10-01,2021-11-30,6,7.91,47.36,1079.1,5.77,8.212,False,33.33,2.396,1.44,0.223,7.4,-1.54,14.26,-3.69,0,0.0,VOO,bull_2020_2021,quick
100,SMA,44,SMA,True,True,3.0,1.0,True,4.0,2020-10-01,2021-11-30,6,7.56,45.29,1075.63,6.07,7.46,False,33.33,2.282,1.39,0.214,7.4,-1.62,14.26,-4.0,1,16.7,VOO,bull_2020_2021,quick
100,SMA,60,SMA,True,True,3.0,1.0,True,4.0,2020-10-01,2021-11-30,6,7.56,45.29,1075.63,6.07,7.46,False,33.33,2.282,1.39,0.214,7.4,-1.62,14.26,-4.0,1,16.7,VOO,bull_2020_2021,quick
100,SMA,44,SMA,True,True,4.0,1.0,True,6.0,2020-10-01,2021-11-30,6,9.9,59.29,1099.02,8.03,7.386,False,33.33,2.325,1.88,0.215,9.87,-2.12,19.02,-6.0,1,16.7,VOO,bull_2020_2021,quick
100,SMA,60,SMA,True,True,4.0,1.0,True,6.0,2020-10-01,2021-11-30,6,9.9,59.29,1099.02,8.03,7.386,False,33.33,2.325,1.88,0.215,9.87,-2.12,19.02,-6.0,1,16.7,VOO,bull_2020_2021,quick
100,SMA,44,SMA,True,True,3.0,1.25,False,2.0,2020-10-01,2021-11-30,6,7.23,43.31,1072.33,6.28,6.892,False,33.33,2.177,1.33,0.206,7.4,-1.7,14.26,-3.69,0,0.0,VOO,bull_2020_2021,quick
100,SMA,44,SMA,True,True,3.0,1.25,True,6.0,2020-10-01,2021-11-30,6,7.23,43.31,1072.33,6.28,6.892,False,33.33,2.177,1.33,0.206,7.4,-1.7,14.26,-3.69,0,0.0,VOO,bull_2020_2021,quick
100,SMA,44,SMA,True,True,3.0,1.25,True,9.0,2020-10-01,2021-11-30,6,7.23,43.31,1072.33,6.28,6.892,False,33.33,2.177,1.33,0.206,7.4,-1.7,14.26,-3.69,0,0.0,VOO,bull_2020_2021,quick
100,SMA,44,SMA,True,True,3.0,1.25,True,12.0,2020-10-01,2021-11-30,6,7.23,43.31,1072.33,6.28,6.892,False,33.33,2.177,1.33,0.206,7.4,-1.7,14.26,-3.69,0,0.0,VOO,bull_2020_2021,quick
100,SMA,60,SMA,True,True,3.0,1.25,False,2.0,2020-10-01,2021-11-30,6,7.23,43.31,1072.33,6.28,6.892,False,33.33,2.177,1.33,0.206,7.4,-1.7,14.26,-3.69,0,0.0,VOO,bull_2020_2021,quick
100,SMA,60,SMA,True,True,3.0,1.25,True,6.0,2020-10-01,2021-11-30,6,7.23,43.31,1072.33,6.28,6.892,False,33.33,2.177,1.33,0.206,7.4,-1.7,14.26,-3.69,0,0.0,VOO,bull_2020_2021,quick
100,SMA,60,SMA,True,True,3.0,1.25,True,9.0,2020-10-01,2021-11-30,6,7.23,43.31,1072.33,6.28,6.892,False,33.33,2.177,1.33,0.206,7.4,-1.7,14.26,-3.69,0,0.0,VOO,bull_2020_2021,quick
100,SMA,60,SMA,True,True,3.0,1.25,True,12.0,2020-10-01,2021-11-30,6,7.23,43.31,1072.33,6.28,6.892,False,33.33,2.177,1.33,0.206,7.4,-1.7,14.26,-3.69,0,0.0,VOO,bull_2020_2021,quick
100,SMA,44,SMA,True,True,4.0,1.25,True,6.0,2020-10-01,2021-11-30,6,9.21,55.16,1092.13,8.53,6.466,False,33.33,2.167,1.77,0.202,9.87,-2.28,19.02,-6.0,1,16.7,VOO,bull_2020_2021,quick
100,SMA,60,SMA,True,True,4.0,1.25,True,6.0,2020-10-01,2021-11-30,6,9.21,55.16,1092.13,8.53,6.466,False,33.33,2.167,1.77,0.202,9.87,-2.28,19.02,-6.0,1,16.7,VOO,bull_2020_2021,quick
100,SMA,44,SMA,True,True,3.0,1.25,True,4.0,2020-10-01,2021-11-30,6,6.89,41.25,1068.88,6.58,6.264,False,33.33,2.082,1.28,0.196,7.4,-1.78,14.26,-4.0,1,16.7,VOO,bull_2020_2021,quick
100,SMA,60,SMA,True,True,3.0,1.25,True,4.0,2020-10-01,2021-11-30,6,6.89,41.25,1068.88,6.58,6.264,False,33.33,2.082,1.28,0.196,7.4,-1.78,14.26,-4.0,1,16.7,VOO,bull_2020_2021,quick
100,SMA,44,SMA,True,True,2.0,1.0,False,2.0,2020-10-01,2021-11-30,6,4.55,27.26,1045.52,4.56,5.972,False,33.33,1.994,0.82,0.188,4.94,-1.24,9.51,-2.46,0,0.0,VOO,bull_2020_2021,quick
100,SMA,44,SMA,True,True,2.0,1.0,True,4.0,2020-10-01,2021-11-30,6,4.55,27.26,1045.52,4.56,5.972,False,33.33,1.994,0.82,0.188,4.94,-1.24,9.51,-2.46,0,0.0,VOO,bull_2020_2021,quick
100,SMA,44,SMA,True,True,2.0,1.0,True,6.0,2020-10-01,2021-11-30,6,4.55,27.26,1045.52,4.56,5.972,False,33.33,1.994,0.82,0.188,4.94,-1.24,9.51,-2.46,0,0.0,VOO,bull_2020_2021,quick
100,SMA,44,SMA,True,True,2.0,1.0,True,9.0,2020-10-01,2021-11-30,6,4.55,27.26,1045.52,4.56,5.972,False,33.33,1.994,0.82,0.188,4.94,-1.24,9.51,-2.46,0,0.0,VOO,bull_2020_2021,quick
100,SMA,44,SMA,True,True,2.0,1.0,True,12.0,2020-10-01,2021-11-30,6,4.55,27.26,1045.52,4.56,5.972,False,33.33,1.994,0.82,0.188,4.94,-1.24,9.51,-2.46,0,0.0,VOO,bull_2020_2021,quick
100,SMA,60,SMA,True,True,2.0,1.0,False,2.0,2020-10-01,2021-11-30,6,4.55,27.26,1045.52,4.56,5.972,False,33.33,1.994,0.82,0.188,4.94,-1.24,9.51,-2.46,0,0.0,VOO,bull_2020_2021,quick
100,SMA,60,SMA,True,True,2.0,1.0,True,4.0,2020-10-01,2021-11-30,6,4.55,27.26,1045.52,4.56,5.972,False,33.33,1.994,0.82,0.188,4.94,-1.24,9.51,-2.46,0,0.0,VOO,bull_2020_2021,quick
100,SMA,60,SMA,True,True,2.0,1.0,True,6.0,2020-10-01,2021-11-30,6,4.55,27.26,1045.52,4.56,5.972,False,33.33,1.994,0.82,0.188,4.94,-1.24,9.51,-2.46,0,0.0,VOO,bull_2020_2021,quick
100,SMA,60,SMA,True,True,2.0,1.0,True,9.0,2020-10-01,2021-11-30,6,4.55,27.26,1045.52,4.56,5.972,False,33.33,1.994,0.82,0.188,4.94,-1.24,9.51,-2.46,0,0.0,VOO,bull_2020_2021,quick
100,SMA,60,SMA,True,True,2.0,1.0,True,12.0,2020-10-01,2021-11-30,6,4.55,27.26,1045.52,4.56,5.972,False,33.33,1.994,0.82,0.188,4.94,-1.24,9.51,-2.46,0,0.0,VOO,bull_2020_2021,quick
100,SMA,44,SMA,True,True,4.0,2.0,False,2.0,2020-10-01,2021-11-30,6,8.39,50.24,1083.9,9.0,5.582,False,33.33,1.994,1.64,0.188,9.87,-2.47,19.02,-4.92,0,0.0,VOO,bull_2020_2021,quick
100,SMA,44,SMA,True,True,4.0,2.0,True,9.0,2020-10-01,2021-11-30,6,8.39,50.24,1083.9,9.0,5.582,False,33.33,1.994,1.64,0.188,9.87,-2.47,19.02,-4.92,0,0.0,VOO,bull_2020_2021,quick
100,SMA,44,SMA,True,True,4.0,2.0,True,12.0,2020-10-01,2021-11-30,6,8.39,50.24,1083.9,9.0,5.582,False,33.33,1.994,1.64,0.188,9.87,-2.47,19.02,-4.92,0,0.0,VOO,bull_2020_2021,quick
100,SMA,60,SMA,True,True,4.0,2.0,False,2.0,2020-10-01,2021-11-30,6,8.39,50.24,1083.9,9.0,5.582,False,33.33,1.994,1.64,0.188,9.87,-2.47,19.02,-4.92,0,0.0,VOO,bull_2020_2021,quick
100,SMA,60,SMA,True,True,4.0,2.0,True,9.0,2020-10-01,2021-11-30,6,8.39,50.24,1083.9,9.0,5.582,False,33.33,1.994,1.64,0.188,9.87,-2.47,19.02,-4.92,0,0.0,VOO,bull_2020_2021,quick
100,SMA,60,SMA,True,True,4.0,2.0,True,12.0,2020-10-01,2021-11-30,6,8.39,50.24,1083.9,9.0,5.582,False,33.33,1.994,1.64,0.188,9.87,-2.47,19.02,-4.92,0,0.0,VOO,bull_2020_2021,quick
100,SMA,30,SMA,True,True,3.0,1.0,True,4.0,2020-10-01,2021-11-30,7,5.35,32.02,1053.48,6.07,5.275,False,28.57,1.632,0.95,0.133,8.56,-2.1,16.57,-4.0,2,28.6,VOO,bull_2020_2021,quick
100,SMA,44,SMA,True,True,2.0,1.25,False,2.0,2020-10-01,2021-11-30,6,3.9,23.33,1038.96,5.13,4.552,False,33.33,1.771,0.72,0.162,4.94,-1.39,9.51,-2.46,0,0.0,VOO,bull_2020_2021,quick
100,SMA,44,SMA,True,True,2.0,1.25,True,4.0,2020-10-01,2021-11-30,6,3.9,23.33,1038.96,5.13,4.552,False,33.33,1.771,0.72,0.162,4.94,-1.39,9.51,-2.46,0,0.0,VOO,bull_2020_2021,quick
100,SMA,44,SMA,True,True,2.0,1.25,True,6.0,2020-10-01,2021-11-30,6,3.9,23.33,1038.96,5.13,4.552,False,33.33,1.771,0.72,0.162,4.94,-1.39,9.51,-2.46,0,0.0,VOO,bull_2020_2021,quick
100,SMA,44,SMA,True,True,2.0,1.25,True,9.0,2020-10-01,2021-11-30,6,3.9,23.33,1038.96,5.13,4.552,False,33.33,1.771,0.72,0.162,4.94,-1.39,9.51,-2.46,0,0.0,VOO,bull_2020_2021,quick
100,SMA,44,SMA,True,True,2.0,1.25,True,12.0,2020-10-01,2021-11-30,6,3.9,23.33,1038.96,5.13,4.552,False,33.33,1.771,0.72,0.162,4.94,-1.39,9.51,-2.46,0,0.0,VOO,bull_2020_2021,quick
100,SMA,60,SMA,True,True,2.0,1.25,False,2.0,2020-10-01,2021-11-30,6,3.9,23.33,1038.96,5.13,4.552,False,33.33,1.771,0.72,0.162,4.94,-1.39,9.51,-2.46,0,0.0,VOO,bull_2020_2021,quick
100,SMA,60,SMA,True,True,2.0,1.25,True,4.0,2020-10-01,2021-11-30,6,3.9,23.33,1038.96,5.13,4.552,False,33.33,1.771,0.72,0.162,4.94,-1.39,9.51,-2.46,0,0.0,VOO,bull_2020_2021,quick
100,SMA,60,SMA,True,True,2.0,1.25,True,6.0,2020-10-01,2021-11-30,6,3.9,23.33,1038.96,5.13,4.552,False,33.33,1.771,0.72,0.162,4.94,-1.39,9.51,-2.46,0,0.0,VOO,bull_2020_2021,quick
100,SMA,60,SMA,True,True,2.0,1.25,True,9.0,2020-10-01,2021-11-30,6,3.9,23.33,1038.96,5.13,4.552,False,33.33,1.771,0.72,0.162,4.94,-1.39,9.51,-2.46,0,0.0,VOO,bull_2020_2021,quick
100,SMA,60,SMA,True,True,2.0,1.25,True,12.0,2020-10-01,2021-11-30,6,3.9,23.33,1038.96,5.13,4.552,False,33.33,1.771,0.72,0.162,4.94,-1.39,9.51,-2.46,0,0.0,VOO,bull_2020_2021,quick
100,SMA,30,SMA,True,True,4.0,1.0,True,6.0,2020-10-01,2021-11-30,7,5.98,35.81,1059.81,8.03,4.462,False,28.57,1.575,1.19,0.124,11.41,-2.9,22.1,-6.0,2,28.6,VOO,bull_2020_2021,quick
100,SMA,44,SMA,True,True,4.0,2.0,True,6.0,2020-10-01,2021-11-30,6,7.16,42.87,1071.6,10.03,4.273,False,33.33,1.798,1.46,0.164,9.87,-2.74,19.02,-6.0,1,16.7,VOO,bull_2020_2021,quick
100,SMA,60,SMA,True,True,4.0,2.0,True,6.0,2020-10-01,2021-11-30,6,7.16,42.87,1071.6,10.03,4.273,False,33.33,1.798,1.46,0.164,9.87,-2.74,19.02,-6.0,1,16.7,VOO,bull_2020_2021,quick
100,SMA,30,SMA,True,True,3.0,1.25,True,4.0,2020-10-01,2021-11-30,7,4.69,28.07,1046.87,6.58,4.262,False,28.57,1.54,0.86,0.12,8.56,-2.22,16.57,-4.0,2,28.6,VOO,bull_2020_2021,quick
100,SMA,30,SMA,True,True,4.0,1.0,False,2.0,2020-10-01,2021-11-30,7,5.31,31.78,1053.07,7.66,4.149,False,28.57,1.515,1.11,0.114,11.41,-3.01,22.1,-7.66,0,0.0,VOO,bull_2020_2021,quick
100,SMA,30,SMA,True,True,4.0,1.0,True,9.0,2020-10-01,2021-11-30,7,5.31,31.78,1053.07,7.66,4.149,False,28.57,1.515,1.11,0.114,11.41,-3.01,22.1,-7.66,0,0.0,VOO,bull_2020_2021,quick
100,SMA,30,SMA,True,True,4.0,1.0,True,12.0,2020-10-01,2021-11-30,7,5.31,31.78,1053.07,7.66,4.149,False,28.57,1.515,1.11,0.114,11.41,-3.01,22.1,-7.66,0,0.0,VOO,bull_2020_2021,quick
100,SMA,44,SMA,True,True,4.0,1.0,True,4.0,2020-10-01,2021-11-30,6,6.98,41.78,1069.77,10.12,4.129,False,16.67,1.813,1.42,0.162,19.02,-2.1,19.02,-4.0,2,33.3,VOO,bull_2020_2021,quick
100,SMA,60,SMA,True,True,4.0,1.0,True,4.0,2020-10-01,2021-11-30,6,6.98,41.78,1069.77,10.12,4.129,False,16.67,1.813,1.42,0.162,19.02,-2.1,19.02,-4.0,2,33.3,VOO,bull_2020_2021,quick
100,SMA,44,SMA,True,True,3.0,2.0,False,2.0,2020-10-01,2021-11-30,6,5.22,31.24,1052.17,7.92,3.946,False,33.33,1.708,1.02,0.154,7.4,-2.17,14.26,-3.69,0,0.0,VOO,bull_2020_2021,quick
100,SMA,44,SMA,True,True,3.0,2.0,True,6.0,2020-10-01,2021-11-30,6,5.22,31.24,1052.17,7.92,3.946,False,33.33,1.708,1.02,0.154,7.4,-2.17,14.26,-3.69,0,0.0,VOO,bull_2020_2021,quick
100,SMA,44,SMA,True,True,3.0,2.0,True,9.0,2020-10-01,2021-11-30,6,5.22,31.24,1052.17,7.92,3.946,False,33.33,1.708,1.02,0.154,7.4,-2.17,14.26,-3.69,0,0.0,VOO,bull_2020_2021,quick
100,SMA,44,SMA,True,True,3.0,2.0,True,12.0,2020-10-01,2021-11-30,6,5.22,31.24,1052.17,7.92,3.946,False,33.33,1.708,1.02,0.154,7.4,-2.17,14.26,-3.69,0,0.0,VOO,bull_2020_2021,quick
100,SMA,60,SMA,True,True,3.0,2.0,False,2.0,2020-10-01,2021-11-30,6,5.22,31.24,1052.17,7.92,3.946,False,33.33,1.708,1.02,0.154,7.4,-2.17,14.26,-3.69,0,0.0,VOO,bull_2020_2021,quick
100,SMA,60,SMA,True,True,3.0,2.0,True,6.0,2020-10-01,2021-11-30,6,5.22,31.24,1052.17,7.92,3.946,False,33.33,1.708,1.02,0.154,7.4,-2.17,14.26,-3.69,0,0.0,VOO,bull_2020_2021,quick
100,SMA,60,SMA,True,True,3.0,2.0,True,9.0,2020-10-01,2021-11-30,6,5.22,31.24,1052.17,7.92,3.946,False,33.33,1.708,1.02,0.154,7.4,-2.17,14.26,-3.69,0,0.0,VOO,bull_2020_2021,quick
100,SMA,60,SMA,True,True,3.0,2.0,True,12.0,2020-10-01,2021-11-30,6,5.22,31.24,1052.17,7.92,3.946,False,33.33,1.708,1.02,0.154,7.4,-2.17,14.26,-3.69,0,0.0,VOO,bull_2020_2021,quick
100,SMA,30,SMA,True,True,3.0,1.0,False,2.0,2020-10-01,2021-11-30,7,3.77,22.56,1037.68,5.77,3.912,False,28.57,1.435,0.74,0.102,8.56,-2.38,16.57,-5.74,0,0.0,VOO,bull_2020_2021,quick
100,SMA,30,SMA,True,True,3.0,1.0,True,9.0,2020-10-01,2021-11-30,7,3.77,22.56,1037.68,5.77,3.912,False,28.57,1.435,0.74,0.102,8.56,-2.38,16.57,-5.74,0,0.0,VOO,bull_2020_2021,quick
100,SMA,30,SMA,True,True,3.0,1.0,True,12.0,2020-10-01,2021-11-30,7,3.77,22.56,1037.68,5.77,3.912,False,28.57,1.435,0.74,0.102,8.56,-2.38,16.57,-5.74,0,0.0,VOO,bull_2020_2021,quick
100,SMA,30,SMA,True,True,4.0,1.25,True,6.0,2020-10-01,2021-11-30,7,5.32,31.83,1053.16,8.53,3.732,False,28.57,1.51,1.1,0.114,11.41,-3.02,22.1,-6.0,2,28.6,VOO,bull_2020_2021,quick
100,SMA,30,SMA,True,True,4.0,1.25,False,2.0,2020-10-01,2021-11-30,7,4.65,27.82,1046.46,7.66,3.633,False,28.57,1.454,1.02,0.105,11.41,-3.14,22.1,-7.66,0,0.0,VOO,bull_2020_2021,quick
100,SMA,30,SMA,True,True,4.0,1.25,True,9.0,2020-10-01,2021-11-30,7,4.65,27.82,1046.46,7.66,3.633,False,28.57,1.454,1.02,0.105,11.41,-3.14,22.1,-7.66,0,0.0,VOO,bull_2020_2021,quick
100,SMA,30,SMA,True,True,4.0,1.25,True,12.0,2020-10-01,2021-11-30,7,4.65,27.82,1046.46,7.66,3.633,False,28.57,1.454,1.02,0.105,11.41,-3.14,22.1,-7.66,0,0.0,VOO,bull_2020_2021,quick
100,SMA,44,SMA,True,True,3.0,2.0,True,4.0,2020-10-01,2021-11-30,6,4.88,29.21,1048.79,8.21,3.557,False,33.33,1.649,0.97,0.145,7.4,-2.24,14.26,-4.0,1,16.7,VOO,bull_2020_2021,quick
100,SMA,60,SMA,True,True,3.0,2.0,True,4.0,2020-10-01,2021-11-30,6,4.88,29.21,1048.79,8.21,3.557,False,33.33,1.649,0.97,0.145,7.4,-2.24,14.26,-4.0,1,16.7,VOO,bull_2020_2021,quick
100,SMA,44,SMA,True,True,4.0,1.25,True,4.0,2020-10-01,2021-11-30,6,6.31,37.76,1063.06,10.68,3.535,False,16.67,1.712,1.32,0.15,19.02,-2.22,19.02,-4.0,2,33.3,VOO,bull_2020_2021,quick
100,SMA,60,SMA,True,True,4.0,1.25,True,4.0,2020-10-01,2021-11-30,6,6.31,37.76,1063.06,10.68,3.535,False,16.67,1.712,1.32,0.15,19.02,-2.22,19.02,-4.0,2,33.3,VOO,bull_2020_2021,quick
100,SMA,30,SMA,True,True,3.0,1.0,True,6.0,2020-10-01,2021-11-30,7,3.49,20.87,1034.86,6.0,3.479,False,28.57,1.405,0.71,0.096,8.56,-2.44,16.57,-6.0,1,14.3,VOO,bull_2020_2021,quick
100,SMA,30,SMA,True,True,4.0,1.0,True,4.0,2020-10-01,2021-11-30,7,5.36,32.07,1053.55,10.12,3.169,False,14.29,1.525,1.09,0.116,22.1,-2.41,22.1,-4.0,3,42.9,VOO,bull_2020_2021,quick
100,SMA,30,SMA,True,True,3.0,1.25,False,2.0,2020-10-01,2021-11-30,7,3.12,18.66,1031.17,6.28,2.97,False,28.57,1.364,0.65,0.089,8.56,-2.51,16.57,-5.74,0,0.0,VOO,bull_2020_2021,quick
100,SMA,30,SMA,True,True,3.0,1.25,True,9.0,2020-10-01,2021-11-30,7,3.12,18.66,1031.17,6.28,2.97,False,28.57,1.364,0.65,0.089,8.56,-2.51,16.57,-5.74,0,0.0,VOO,bull_2020_2021,quick
100,SMA,30,SMA,True,True,3.0,1.25,True,12.0,2020-10-01,2021-11-30,7,3.12,18.66,1031.17,6.28,2.97,False,28.57,1.364,0.65,0.089,8.56,-2.51,16.57,-5.74,0,0.0,VOO,bull_2020_2021,quick
100,SMA,30,SMA,True,True,3.0,1.25,True,6.0,2020-10-01,2021-11-30,7,2.84,16.98,1028.37,6.28,2.703,False,28.57,1.337,0.62,0.084,8.56,-2.56,16.57,-6.0,1,14.3,VOO,bull_2020_2021,quick
100,SMA,30,SMA,True,True,4.0,1.25,True,4.0,2020-10-01,2021-11-30,7,4.69,28.11,1046.94,10.68,2.632,False,14.29,1.462,1.0,0.106,22.1,-2.52,22.1,-4.0,3,42.9,VOO,bull_2020_2021,quick
100,SMA,30,SMA,True,True,2.0,1.0,False,2.0,2020-10-01,2021-11-30,7,1.96,11.75,1019.63,4.56,2.575,False,28.57,1.3,0.38,0.077,5.71,-1.76,11.05,-3.83,0,0.0,VOO,bull_2020_2021,quick
100,SMA,30,SMA,True,True,2.0,1.0,True,6.0,2020-10-01,2021-11-30,7,1.96,11.75,1019.63,4.56,2.575,False,28.57,1.3,0.38,0.077,5.71,-1.76,11.05,-3.83,0,0.0,VOO,bull_2020_2021,quick
100,SMA,30,SMA,True,True,2.0,1.0,True,9.0,2020-10-01,2021-11-30,7,1.96,11.75,1019.63,4.56,2.575,False,28.57,1.3,0.38,0.077,5.71,-1.76,11.05,-3.83,0,0.0,VOO,bull_2020_2021,quick
100,SMA,30,SMA,True,True,2.0,1.0,True,12.0,2020-10-01,2021-11-30,7,1.96,11.75,1019.63,4.56,2.575,False,28.57,1.3,0.38,0.077,5.71,-1.76,11.05,-3.83,0,0.0,VOO,bull_2020_2021,quick
100,SMA,30,SMA,True,True,2.0,1.0,True,4.0,2020-10-01,2021-11-30,7,1.78,10.67,1017.82,4.56,2.337,False,28.57,1.275,0.35,0.071,5.71,-1.79,11.05,-4.0,1,14.3,VOO,bull_2020_2021,quick
100,SMA,44,SMA,True,True,4.0,2.0,True,4.0,2020-10-01,2021-11-30,6,4.31,25.79,1043.07,12.36,2.087,False,16.67,1.465,1.01,0.113,19.02,-2.6,19.02,-4.0,2,33.3,VOO,bull_2020_2021,quick
100,SMA,60,SMA,True,True,4.0,2.0,True,4.0,2020-10-01,2021-11-30,6,4.31,25.79,1043.07,12.36,2.087,False,16.67,1.465,1.01,0.113,19.02,-2.6,19.02,-4.0,2,33.3,VOO,bull_2020_2021,quick
100,SMA,30,SMA,True,True,4.0,2.0,True,6.0,2020-10-01,2021-11-30,7,3.34,19.98,1033.37,10.03,1.991,False,28.57,1.344,0.83,0.086,11.41,-3.4,22.1,-6.0,2,28.6,VOO,bull_2020_2021,quick
100,SMA,30,SMA,True,True,3.0,2.0,True,4.0,2020-10-01,2021-11-30,7,2.72,16.28,1027.19,8.21,1.982,False,28.57,1.319,0.59,0.082,8.56,-2.6,16.57,-4.0,2,28.6,VOO,bull_2020_2021,quick
100,SMA,30,SMA,True,True,4.0,2.0,False,2.0,2020-10-01,2021-11-30,7,2.68,16.04,1026.79,9.0,1.782,False,28.57,1.3,0.75,0.077,11.41,-3.51,22.1,-7.66,0,0.0,VOO,bull_2020_2021,quick
100,SMA,30,SMA,True,True,4.0,2.0,True,9.0,2020-10-01,2021-11-30,7,2.68,16.04,1026.79,9.0,1.782,False,28.57,1.3,0.75,0.077,11.41,-3.51,22.1,-7.66,0,0.0,VOO,bull_2020_2021,quick
100,SMA,30,SMA,True,True,4.0,2.0,True,12.0,2020-10-01,2021-11-30,7,2.68,16.04,1026.79,9.0,1.782,False,28.57,1.3,0.75,0.077,11.41,-3.51,22.1,-7.66,0,0.0,VOO,bull_2020_2021,quick
100,SMA,44,SMA,True,True,2.0,2.0,False,2.0,2020-10-01,2021-11-30,6,1.94,11.64,1019.43,6.91,1.684,False,33.33,1.327,0.41,0.088,4.94,-1.86,9.51,-2.46,0,0.0,VOO,bull_2020_2021,quick
100,SMA,44,SMA,True,True,2.0,2.0,True,4.0,2020-10-01,2021-11-30,6,1.94,11.64,1019.43,6.91,1.684,False,33.33,1.327,0.41,0.088,4.94,-1.86,9.51,-2.46,0,0.0,VOO,bull_2020_2021,quick
100,SMA,44,SMA,True,True,2.0,2.0,True,6.0,2020-10-01,2021-11-30,6,1.94,11.64,1019.43,6.91,1.684,False,33.33,1.327,0.41,0.088,4.94,-1.86,9.51,-2.46,0,0.0,VOO,bull_2020_2021,quick
100,SMA,44,SMA,True,True,2.0,2.0,True,9.0,2020-10-01,2021-11-30,6,1.94,11.64,1019.43,6.91,1.684,False,33.33,1.327,0.41,0.088,4.94,-1.86,9.51,-2.46,0,0.0,VOO,bull_2020_2021,quick
100,SMA,44,SMA,True,True,2.0,2.0,True,12.0,2020-10-01,2021-11-30,6,1.94,11.64,1019.43,6.91,1.684,False,33.33,1.327,0.41,0.088,4.94,-1.86,9.51,-2.46,0,0.0,VOO,bull_2020_2021,quick
100,SMA,60,SMA,True,True,2.0,2.0,False,2.0,2020-10-01,2021-11-30,6,1.94,11.64,1019.43,6.91,1.684,False,33.33,1.327,0.41,0.088,4.94,-1.86,9.51,-2.46,0,0.0,VOO,bull_2020_2021,quick
100,SMA,60,SMA,True,True,2.0,2.0,True,4.0,2020-10-01,2021-11-30,6,1.94,11.64,1019.43,6.91,1.684,False,33.33,1.327,0.41,0.088,4.94,-1.86,9.51,-2.46,0,0.0,VOO,bull_2020_2021,quick
100,SMA,60,SMA,True,True,2.0,2.0,True,6.0,2020-10-01,2021-11-30,6,1.94,11.64,1019.43,6.91,1.684,False,33.33,1.327,0.41,0.088,4.94,-1.86,9.51,-2.46,0,0.0,VOO,bull_2020_2021,quick
100,SMA,60,SMA,True,True,2.0,2.0,True,9.0,2020-10-01,2021-11-30,6,1.94,11.64,1019.43,6.91,1.684,False,33.33,1.327,0.41,0.088,4.94,-1.86,9.51,-2.46,0,0.0,VOO,bull_2020_2021,quick
100,SMA,60,SMA,True,True,2.0,2.0,True,12.0,2020-10-01,2021-11-30,6,1.94,11.64,1019.43,6.91,1.684,False,33.33,1.327,0.41,0.088,4.94,-1.86,9.51,-2.46,0,0.0,VOO,bull_2020_2021,quick
100,SMA,30,SMA,True,True,2.0,1.25,False,2.0,2020-10-01,2021-11-30,7,1.32,7.92,1013.23,5.13,1.546,False,28.57,1.214,0.29,0.058,5.71,-1.88,11.05,-3.83,0,0.0,VOO,bull_2020_2021,quick
100,SMA,30,SMA,True,True,2.0,1.25,True,6.0,2020-10-01,2021-11-30,7,1.32,7.92,1013.23,5.13,1.546,False,28.57,1.214,0.29,0.058,5.71,-1.88,11.05,-3.83,0,0.0,VOO,bull_2020_2021,quick
100,SMA,30,SMA,True,True,2.0,1.25,True,9.0,2020-10-01,2021-11-30,7,1.32,7.92,1013.23,5.13,1.546,False,28.57,1.214,0.29,0.058,5.71,-1.88,11.05,-3.83,0,0.0,VOO,bull_2020_2021,quick
100,SMA,30,SMA,True,True,2.0,1.25,True,12.0,2020-10-01,2021-11-30,7,1.32,7.92,1013.23,5.13,1.546,False,28.57,1.214,0.29,0.058,5.71,-1.88,11.05,-3.83,0,0.0,VOO,bull_2020_2021,quick
100,SMA,30,SMA,True,True,2.0,1.25,True,4.0,2020-10-01,2021-11-30,7,1.14,6.84,1011.43,5.13,1.335,False,28.57,1.192,0.26,0.053,5.71,-1.91,11.05,-4.0,1,14.3,VOO,bull_2020_2021,quick
100,SMA,30,SMA,True,True,4.0,2.0,True,4.0,2020-10-01,2021-11-30,7,2.73,16.32,1027.26,12.36,1.321,False,14.29,1.302,0.73,0.077,22.1,-2.83,22.1,-4.0,3,42.9,VOO,bull_2020_2021,quick
100,SMA,30,SMA,True,True,3.0,2.0,False,2.0,2020-10-01,2021-11-30,7,1.18,7.06,1011.78,7.92,0.891,False,28.57,1.188,0.39,0.052,8.56,-2.88,16.57,-5.74,0,0.0,VOO,bull_2020_2021,quick
100,SMA,30,SMA,True,True,3.0,2.0,True,9.0,2020-10-01,2021-11-30,7,1.18,7.06,1011.78,7.92,0.891,False,28.57,1.188,0.39,0.052,8.56,-2.88,16.57,-5.74,0,0.0,VOO,bull_2020_2021,quick
100,SMA,30,SMA,True,True,3.0,2.0,True,12.0,2020-10-01,2021-11-30,7,1.18,7.06,1011.78,7.92,0.891,False,28.57,1.188,0.39,0.052,8.56,-2.88,16.57,-5.74,0,0.0,VOO,bull_2020_2021,quick
100,SMA,30,SMA,True,True,3.0,2.0,True,6.0,2020-10-01,2021-11-30,7,0.9,5.41,1009.03,7.92,0.683,False,28.57,1.167,0.35,0.047,8.56,-2.93,16.57,-6.0,1,14.3,VOO,bull_2020_2021,quick
100,SMA,30,SMA,True,True,2.0,2.0,False,2.0,2020-10-01,2021-11-30,7,-0.58,-3.48,994.18,6.91,-0.504,False,28.57,1.013,0.02,0.004,5.71,-2.25,11.05,-3.83,0,0.0,VOO,bull_2020_2021,quick
100,SMA,30,SMA,True,True,2.0,2.0,True,6.0,2020-10-01,2021-11-30,7,-0.58,-3.48,994.18,6.91,-0.504,False,28.57,1.013,0.02,0.004,5.71,-2.25,11.05,-3.83,0,0.0,VOO,bull_2020_2021,quick
100,SMA,30,SMA,True,True,2.0,2.0,True,9.0,2020-10-01,2021-11-30,7,-0.58,-3.48,994.18,6.91,-0.504,False,28.57,1.013,0.02,0.004,5.71,-2.25,11.05,-3.83,0,0.0,VOO,bull_2020_2021,quick
100,SMA,30,SMA,True,True,2.0,2.0,True,12.0,2020-10-01,2021-11-30,7,-0.58,-3.48,994.18,6.91,-0.504,False,28.57,1.013,0.02,0.004,5.71,-2.25,11.05,-3.83,0,0.0,VOO,bull_2020_2021,quick
100,SMA,30,SMA,True,True,2.0,2.0,True,4.0,2020-10-01,2021-11-30,7,-0.76,-4.54,992.42,6.91,-0.657,False,28.57,0.998,-0.0,-0.001,5.71,-2.29,11.05,-4.0,1,14.3,VOO,bull_2020_2021,quick
