date,close,slow_ma_130SMA,fast_ma_44SMA
2021-04-14,63109.6953125,42280.992758413464,56511.87571022727
2021-04-15,63314.01171875,42619.21499399038,56851.308061079544
2021-04-16,61572.7890625,42945.22390324519,57102.093217329544
2021-04-17,60683.8203125,43271.09064002404,57377.60804332386
2021-04-18,56216.18359375,43560.800390625,57543.26438210227
2021-04-19,55724.265625,43848.948647836536,57698.079900568184
2021-04-20,56473.03125,44144.441932091344,57817.76944247159
2021-04-21,53906.08984375,44414.46065204327,57855.486860795456
2021-04-22,51762.2734375,44665.382887620195,57785.89950284091
2021-04-23,51093.65234375,44910.35987079327,57674.197265625
2021-04-24,50050.8671875,45146.004417067306,57497.96422230114
2021-04-25,49004.25390625,45359.03254206731,57308.69522372159
2021-04-26,54021.75390625,45599.16017127404,57144.574041193184
2021-04-27,55033.1171875,45844.50752704327,57047.54678622159
2021-04-28,54824.703125,46082.62192007212,57022.94460227273
2021-04-29,53555.109375,46313.989723557694,56949.08567116477
2021-04-30,57750.17578125,46582.81352163461,56923.614790482956
2021-05-01,57828.05078125,46844.69830228365,56922.91317471591
2021-05-02,56631.078125,47101.542397836536,56883.9228515625
2021-05-03,57200.29296875,47358.960426682694,56858.61940696023
2021-05-04,53333.5390625,47579.4892578125,56763.39479758523
2021-05-05,57424.0078125,47817.85057091346,56829.18714488636
2021-05-06,56396.515625,48049.57534555288,56866.859197443184
2021-05-07,57356.40234375,48282.43375901442,56970.99866832386
2021-05-08,58803.77734375,48524.29021935096,57132.35360440341
2021-05-09,58232.31640625,48750.377629206734,57202.69460227273
2021-05-10,55859.796875,48956.978215144234,57200.110174005684
2021-05-11,56704.57421875,49167.21222956731,57217.242631392044
2021-05-12,49150.53515625,49298.16044170673,57021.795720880684
2021-05-13,49716.19140625,49428.423272235574,56812.670720880684
2021-05-14,49880.53515625,49566.18189603365,56607.2548828125
2021-05-15,46760.1875,49664.39541766827,56326.899857954544
2021-05-16,46456.05859375,49738.485381610575,56033.07590553977
2021-05-17,43537.51171875,49770.53514122596,55713.38547585227
2021-05-18,42909.40234375,49786.779702524036,55353.17746803977
2021-05-19,37002.44140625,49761.76350661058,54851.917524857956
2021-05-20,40782.73828125,49780.427328725964,54456.244318181816
2021-05-21,37304.69140625,49793.79682992789,54030.238725142044
2021-05-22,37536.6328125,49821.594305889426,53557.799627130684
2021-05-23,34770.58203125,49802.01140324519,53024.2900390625
2021-05-24,38705.98046875,49798.308728966345,52545.03426846591
2021-05-25,38402.22265625,49810.43838641827,52049.517400568184
2021-05-26,39294.19921875,49834.408067908655,51581.3525390625
2021-05-27,38436.96875,49854.75954026442,51011.659623579544
2021-05-28,35697.60546875,49847.58670372596,50388.65758167614
2021-05-29,34616.06640625,49836.4041015625,49736.43155184659
2021-05-30,35678.12890625,49837.40701622596,49147.916548295456
2021-05-31,37332.85546875,49887.46206430288,48617.21280184659
2021-06-01,36684.92578125,49915.763326322114,48173.32057883523
2021-06-02,37575.1796875,49958.12899639423,47760.841352982956
2021-06-03,39208.765625,50011.355048076926,47368.4716796875
2021-06-04,36894.40625,50046.18592247596,46981.84250710227
2021-06-05,35551.95703125,50069.12521033654,46613.426225142044
2021-06-06,35862.37890625,50110.893149038464,46267.260919744316
2021-06-07,33560.70703125,50111.62091346154,45892.484552556816
2021-06-08,33472.6328125,50105.13049879808,45539.4931640625
2021-06-09,37345.12109375,50128.78894230769,45160.47878196023
2021-06-10,36702.59765625,50156.39077524038,44743.87606534091
2021-06-11,37334.3984375,50185.600180288464,44346.369140625
2021-06-12,35552.515625,50185.925,43937.219282670456
2021-06-13,39097.859375,50198.43091947115,43513.30300071023
2021-06-14,40218.4765625,50223.75715144231,43113.085404829544
2021-06-15,40406.26953125,50241.15685096154,42744.33975497159
2021-06-16,38347.0625,50234.08801081731,42315.857244318184
2021-06-17,38053.50390625,50227.55003004808,41968.58371803977
2021-06-18,35787.24609375,50147.47911658654,41476.83913352273
2021-06-19,35615.87109375,50063.900390625,41004.5517578125
2021-06-20,35698.296875,49992.97818509615,40512.322088068184
2021-06-21,31676.693359375,49868.111733774036,39895.79745205966
2021-06-22,32505.66015625,49752.73333834135,39311.10071910511
2021-06-23,33723.02734375,49649.79112079327,38807.99232066761
2021-06-24,34662.4375,49541.67687800481,38307.03466796875
2021-06-25,31637.779296875,49416.23626802885,37909.01748934659
2021-06-26,32186.27734375,49285.36246995192,37510.6103515625
2021-06-27,34649.64453125,49150.751983173075,37164.45374644886
2021-06-28,34434.3359375,49018.094591346155,36884.320756392044
2021-06-29,35867.77734375,48864.09185697115,36643.67800071023
2021-06-30,35040.8359375,48702.101983173074,36450.571732954544
2021-07-01,33572.1171875,48517.734074519234,36238.36070667614
2021-07-02,33897.046875,48361.50120192308,36167.78355823864
2021-07-03,34668.546875,48252.609825721156,36028.824662642044
2021-07-04,35287.78125,48141.705588942306,35982.985795454544
2021-07-05,33746.00390625,48039.02983774038,35896.835138494316
2021-07-06,34235.1953125,47945.91778846154,35884.66725852273
2021-07-07,33855.328125,47851.04759615385,35774.42515980114
2021-07-08,32877.37109375,47756.736838942306,35648.8603515625
2021-07-09,33798.01171875,47634.94275841346,35523.94699928977
2021-07-10,33520.51953125,47520.64684495192,35412.209517045456
2021-07-11,34240.1875,47395.27719350962,35379.086381392044
2021-07-12,33155.84765625,47276.77472956731,35345.899591619316
2021-07-13,32702.025390625,47151.96488882211,35278.26087535511
2021-07-14,32822.34765625,47028.195387620195,35175.749334161934
2021-07-15,31780.73046875,46878.76491887019,35064.290349786934
2021-07-16,31421.5390625,46718.572731370194,34924.434881036934
2021-07-17,31533.068359375,46539.41081730769,34749.98721590909
2021-07-18,31796.810546875,46353.16666165865,34634.132768110794
2021-07-19,30817.83203125,46145.572130408655,34526.539018110794
2021-07-20,29807.34765625,45933.843344350964,34388.92467151989
2021-07-21,32110.693359375,45709.748016826925,34355.96981534091
2021-07-22,32313.10546875,45502.138701923075,34329.61692116477
2021-07-23,33581.55078125,45330.40294471154,34244.081232244316
2021-07-24,34292.4453125,45157.23019831731,34189.30504261364
2021-07-25,35350.1875,44976.301682692305,34144.20933948864
2021-07-26,37337.53515625,44818.444861778844,34184.77796519886
2021-07-27,39406.94140625,44672.75477764423,34191.802556818184
2021-07-28,39995.90625,44531.849098557694,34186.744140625
2021-07-29,40008.421875,44397.11832932692,34177.7021484375
2021-07-30,42235.546875,44302.55219350962,34266.07679332386
2021-07-31,41626.1953125,44201.68488581731,34347.27432528409
2021-08-01,39974.89453125,44103.22818509615,34442.44815340909
2021-08-02,39201.9453125,44007.05730168269,34523.94984019886
2021-08-03,38152.98046875,43876.40859375,34579.738103693184
2021-08-04,39747.50390625,43751.59314903846,34763.16561612216
2021-08-05,40869.5546875,43635.583984375,34953.25412819602
2021-08-06,42816.5,43520.709375,35159.92396129261
2021-08-07,44555.80078125,43410.23329326923,35384.773126775566
2021-08-08,43798.1171875,43293.92010216346,35661.14444247159
2021-08-09,46365.40234375,43195.993900240384,35983.397283380684
2021-08-10,45585.03125,43089.84558293269,36231.92879971591
2021-08-11,45593.63671875,42997.459014423075,36485.549272017044
2021-08-12,44428.2890625,42887.22620192308,36680.10635653409
2021-08-13,47793.3203125,42800.575751201926,36969.935546875
2021-08-14,47096.9453125,42715.22641225962,37277.31800426136
2021-08-15,47047.00390625,42645.980769230766,37576.1806640625
2021-08-16,46004.484375,42551.215625,37833.815607244316
2021-08-17,44695.359375,42446.98759014423,38047.624200994316
2021-08-18,44801.1875,42331.66415264423,38298.878373579544
2021-08-19,46717.578125,42227.91502403846,38582.568892045456
2021-08-20,49339.17578125,42146.728275240384,38934.47452059659
2021-08-21,48905.4921875,42034.43623798077,39298.75
2021-08-22,49321.65234375,41928.374368990386,39651.560014204544
2021-08-23,49546.1484375,41822.46772836539,40015.778852982956
2021-08-24,47706.1171875,41715.801021634616,40321.822709517044
2021-08-25,48960.7890625,41625.62385817308,40681.025923295456
2021-08-26,46942.21875,41554.285667067306,41004.666681463066
2021-08-27,49058.66796875,41503.01183894231,41373.67396129261
2021-08-28,48902.40234375,41444.776231971155,41762.80286754261
2021-08-29,48829.83203125,41405.728094951926,42158.44588955966
2021-08-30,47054.984375,41369.51817908654,42511.21670809659
2021-08-31,47166.6875,41339.31075721154,42860.53209339489
2021-09-01,48847.02734375,41330.05045072115,43270.28653231534
2021-09-02,49327.72265625,41332.538671875,43713.93141867898
2021-09-03,50025.375,41301.797295673074,44121.08327414773
2021-09-04,49944.625,41262.65504807692,44521.799627130684
2021-09-05,51753.41015625,41239.029717548074,44934.796431107956
2021-09-06,52633.53515625,41231.94068509615,45351.63938210227
2021-09-07,46811.12890625,41147.79417067308,45612.11532315341
2021-09-08,46091.390625,41057.512169471156,45811.066583806816
2021-09-09,46391.421875,40978.745582932694,45969.80477627841
2021-09-10,44883.91015625,40884.00417668269,46080.89577414773
2021-09-11,45201.45703125,40821.44969951923,46198.91930042614
2021-09-12,46063.26953125,40734.05940504808,46285.91299715909
2021-09-13,44963.07421875,40646.10985576923,46361.751154119316
2021-09-14,47092.4921875,40567.156700721156,46523.51473721591
2021-09-15,48176.34765625,40485.40724158654,46727.47842684659
2021-09-16,47783.359375,40405.03064903846,46946.35067471591
2021-09-17,47267.51953125,40338.93620793269,47117.26012073864
2021-09-18,48278.36328125,40274.11920072115,47285.642134232956
2021-09-19,47260.21875,40259.57830528846,47386.6357421875
2021-09-20,42843.80078125,40206.71376201923,47347.72665127841
2021-09-21,40693.67578125,40136.04561298077,47277.17116477273
2021-09-22,43574.5078125,40111.540384615386,47213.741743607956
2021-09-23,44895.09765625,40099.53299278846,47198.06143465909
2021-09-24,42839.75,40094.165594951926,47135.473100142044
2021-09-25,42716.59375,40092.68245192308,47096.57093394886
2021-09-26,43208.5390625,40140.42166466346,46992.37136008523
2021-09-27,42235.73046875,40151.59852764423,46881.889204545456
2021-09-28,41034.54296875,40180.289693509614,46745.242365056816
2021-09-29,41564.36328125,40211.27223557692,46644.330522017044
2021-09-30,43790.89453125,40280.659254807695,46623.77450284091
2021-10-01,48116.94140625,40353.05126201923,46699.13254616477
2021-10-02,47711.48828125,40424.660997596155,46721.72141335227
2021-10-03,48199.953125,40493.166796875,46695.82998934659
2021-10-04,49112.90234375,40575.289362980766,46700.54385653409
2021-10-05,51514.8125,40696.96018629808,46750.38840553977
2021-10-06,55361.44921875,40856.54005408654,46882.55433238636
2021-10-07,53805.984375,40995.98509615385,47021.187677556816
2021-10-08,53967.84765625,41123.94657451923,47134.98446377841
2021-10-09,54968.22265625,41264.587319711536,47317.39364346591
2021-10-10,54771.578125,41396.86730769231,47447.23251065341
2021-10-11,57484.7890625,41537.45210336539,47642.28675426136
2021-10-12,56041.05859375,41684.73404447115,47806.178267045456
2021-10-13,57401.09765625,41852.80435697115,48041.317205255684
2021-10-14,57321.5234375,42017.874699519234,48272.108931107956
2021-10-15,61593.94921875,42233.51502403846,48561.811700994316
2021-10-16,60892.1796875,42444.43461538461,48824.64026988636
2021-10-17,61553.6171875,42630.65381610577,49086.64577414773
2021-10-18,62026.078125,42825.44981971154,49361.22425426136
2021-10-19,64261.9921875,43032.58515625,49645.510209517044
2021-10-20,65992.8359375,43266.74146634615,49949.130681818184
2021-10-21,62210.171875,43444.52848557692,50299.108931107956
2021-10-22,60692.265625,43602.01917067308,50630.94699928977
2021-10-23,61393.6171875,43763.460306490386,50971.90598366477
2021-10-24,60930.8359375,43937.181640625,51336.608842329544
2021-10-25,63039.82421875,44129.38410456731,51742.02627840909
2021-10-26,60363.79296875,44318.43446514423,52067.03817471591
2021-10-27,58482.38671875,44494.33073918269,52374.29527698864
2021-10-28,60622.13671875,44686.05258413462,52681.78719815341
2021-10-29,62227.96484375,44921.062364783655,53001.142134232956
2021-10-30,61888.83203125,45147.08676382212,53321.72105823864
2021-10-31,61318.95703125,45359.363146033655,53641.07191051136
2021-11-01,61004.40625,45561.993674879806,53930.30015980114
2021-11-02,63226.40234375,45804.98308293269,54293.16796875
2021-11-03,62970.046875,46041.78131009615,54750.58265269886
2021-11-04,61452.23046875,46247.955048076925,55222.367986505684
2021-11-05,61125.67578125,46453.273046875,55621.25816761364
2021-11-06,61527.48046875,46650.65537860577,55999.26686789773
2021-11-07,63326.98828125,46868.24116586539,56464.885919744316
2021-11-08,67566.828125,47129.73894230769,57029.66397372159
2021-11-09,66971.828125,47384.16033653846,57569.738725142044
2021-11-10,64995.23046875,47617.442518028845,58087.00008877841
2021-11-11,64949.9609375,47845.61313100962,58630.53231534091
2021-11-12,64155.94140625,48079.535727163464,59143.97727272727
2021-11-13,64469.52734375,48312.10751201923,59613.94620028409
2021-11-14,65466.83984375,48555.272986778844,60008.26207386364
2021-11-15,63557.87109375,48791.276832932694,60368.40713778409
2021-11-16,60161.24609375,48994.070943509614,60640.254705255684
2021-11-17,60368.01171875,49200.59011418269,60896.05264559659
2021-11-18,56942.13671875,49375.22049278846,61019.400923295456
2021-11-19,58119.578125,49567.24918870192,61082.08567116477
2021-11-20,59697.1953125,49774.90434194711,61215.97682883523
2021-11-21,58730.4765625,49974.19764122596,61324.21839488636
2021-11-22,56289.2890625,50162.725015024036,61354.242631392044
2021-11-23,57569.07421875,50363.859900841344,61417.822088068184
2021-11-24,56280.42578125,50554.224188701926,61390.4501953125
2021-11-25,57274.6796875,50750.20779747596,61418.48703835227
2021-11-26,53569.765625,50925.22267127404,61331.411310369316
2021-11-27,54815.078125,51117.58982872596,61274.44664417614
2021-11-28,57248.45703125,51310.95724158654,61175.68545809659
2021-11-29,57806.56640625,51507.060787259616,61105.55788352273
2021-11-30,57005.42578125,51687.244441105766,61002.189897017044
2021-12-01,57229.828125,51863.685847355766,60893.18421519886
2021-12-02,56477.81640625,52026.20606971154,60716.27112926136
2021-12-03,53598.24609375,52151.28846153846,60434.57590553977
2021-12-04,49200.703125,52226.62509014423,60138.90616122159
2021-12-05,49368.84765625,52298.724639423075,59881.55575284091
2021-12-06,50582.625,52380.06466346154,59635.851384943184
2021-12-07,50700.0859375,52445.17650240385,59403.33433948864
2021-12-08,50504.796875,52513.4734375,59118.44735440341
2021-12-09,47672.12109375,52572.68287259615,58830.00026633523
2021-12-10,47243.3046875,52634.539483173074,58574.566583806816
2021-12-11,49362.5078125,52720.76661658654,58318.66592684659
2021-12-12,50098.3359375,52800.38840144231,58042.99254261364
2021-12-13,46737.48046875,52845.526292067305,57698.64364346591
2021-12-14,46612.6328125,52874.72731370192,57364.409002130684
2021-12-15,48896.72265625,52908.11902043269,57089.234375
2021-12-16,47665.42578125,52937.86754807692,56735.57581676136
2021-12-17,46202.14453125,52936.61171875,56354.487127130684
2021-12-18,46848.77734375,52946.33284254808,56022.59046519886
2021-12-19,46707.015625,52954.89729567308,55694.89364346591
2021-12-20,46880.27734375,52973.75874399039,55362.00266335227
2021-12-21,48936.61328125,52982.553305288464,55034.948686079544
2021-12-22,48628.51171875,52994.33458533654,54604.532404119316
2021-12-23,50784.5390625,53023.08485576923,54236.639470880684
2021-12-24,50822.1953125,53060.14417067308,53914.52503551136
2021-12-25,50429.859375,53104.25570913462,53584.52272727273
2021-12-26,50809.515625,53150.47361778846,53281.194868607956
2021-12-27,50640.41796875,53180.64930889423,52966.896928267044
2021-12-28,47588.85546875,53167.185306490384,52560.5791015625
2021-12-29,46444.7109375,53148.25621995192,52171.64364346591
2021-12-30,47178.125,53131.767548076925,51876.572709517044
2021-12-31,46306.4453125,53106.846754807695,51556.991654829544
2022-01-01,47686.8125,53106.69825721154,51346.643377130684
2022-01-02,47345.21875,53094.27079326923,51101.77157315341
2022-01-03,46458.1171875,53090.54693509615,50800.88343394886
2022-01-04,45897.57421875,53066.23082932692,50509.2265625
2022-01-05,43569.00390625,53025.2046875,50220.12917258523
2022-01-06,43160.9296875,52981.59774639423,49892.671342329544
2022-01-07,41557.90234375,52939.3125,49558.068536931816
2022-01-08,41733.94140625,52897.52214543269,49204.869939630684
2022-01-09,41911.6015625,52844.172716346155,48939.911665482956
2022-01-10,41821.26171875,52786.43070913461,48644.59765625
2022-01-11,42735.85546875,52730.35748197115,48314.765802556816
2022-01-12,43949.1015625,52684.23807091346,47999.823419744316
2022-01-13,42591.5703125,52613.76237980769,47672.235795454544
2022-01-14,43099.69921875,52540.42518028846,47351.096502130684
2022-01-15,43177.3984375,52512.47340745192,47048.814275568184
2022-01-16,43113.87890625,52489.569471153845,46810.533203125
2022-01-17,42250.55078125,52457.71661658654,46652.5751953125
2022-01-18,42375.6328125,52438.422175480766,46493.638494318184
2022-01-19,41744.328125,52411.82887620192,46292.768110795456
2022-01-20,40680.41796875,52370.422325721156,46065.048384232956
2022-01-21,36457.31640625,52304.99341947115,45745.78746448864
2022-01-22,35030.25,52212.20694110577,45458.472212357956
2022-01-23,36276.8046875,52120.67199519231,45209.233575994316
2022-01-24,36654.328125,52035.0640625,44920.411310369316
2022-01-25,36954.00390625,51955.72932692308,44621.67649147727
2022-01-26,36852.12109375,51867.83515625,44397.009232954544
2022-01-27,37138.234375,51789.97373798077,44181.68199573864
2022-01-28,37784.33203125,51751.05474759615,43929.12766335227
2022-01-29,38138.1796875,51731.39708533654,43712.59934303977
2022-01-30,37917.6015625,51687.882421875,43524.314275568184
2022-01-31,38483.125,51638.55955528846,43334.18581321023
2022-02-01,38743.2734375,51607.048197115386,43153.19167258523
2022-02-02,36952.984375,51562.71274038462,42927.57137784091
2022-02-03,37154.6015625,51516.14399038462,42659.798384232956
2022-02-04,41500.875,51510.49125600961,42497.806640625
2022-02-05,41441.1640625,51513.619110576925,42285.457208806816
2022-02-06,42412.43359375,51520.14272836538,42094.32626065341
2022-02-07,43840.28515625,51520.52265625,41944.56321022727
2022-02-08,44118.4453125,51489.764993990386,41792.49343039773
2022-02-09,44338.796875,51463.821213942305,41649.27476917614
2022-02-10,43565.11328125,51428.168599759614,41557.82608309659
2022-02-11,42407.9375,51376.59194711538,41466.081232244316
2022-02-12,42244.46875,51305.28161057692,41353.952681107956
2022-02-13,42197.515625,51204.020582932695,41260.567915482956
2022-02-14,42586.91796875,51117.720072115386,41144.66122159091
2022-02-15,44575.203125,51045.46896033654,41081.70632102273
2022-02-16,43961.859375,50960.80462740385,41024.973188920456
2022-02-17,40538.01171875,50851.31565504808,40903.16495028409
2022-02-18,40030.9765625,50717.05555889423,40822.75523792614
2022-02-19,40122.15625,50594.602463942305,40753.692205255684
2022-02-20,38431.37890625,50448.68155048077,40682.63485440341
2022-02-21,37075.28125,50292.94122596154,40576.75621448864
2022-02-22,38286.02734375,50113.64951923077,40494.35680042614
2022-02-23,37296.5703125,49932.144831730766,40391.522904829544
2022-02-24,38332.609375,49753.52169471154,40291.44912997159
2022-02-25,39214.21875,49578.04585336539,40183.83815696023
2022-02-26,39105.1484375,49384.531670673074,40104.60129616477
2022-02-27,37709.78515625,49166.96974158654,39982.10324928977
2022-02-28,43193.234375,49020.68560697115,39982.46315696023
2022-03-01,44354.63671875,48895.01153846154,40010.66219815341
2022-03-02,43924.1171875,48760.63076923077,40048.697798295456
2022-03-03,42451.7890625,48618.48425480769,40050.42862215909
2022-03-04,39137.60546875,48434.62103365385,39991.18492542614
2022-03-05,39400.5859375,48273.36559495192,39962.097833806816
2022-03-06,38419.984375,48119.03942307692,40006.703924005684
2022-03-07,38062.0390625,47945.50021033654,40075.608220880684
2022-03-08,38737.26953125,47764.80255408654,40131.527876420456
2022-03-09,41982.92578125,47611.680198317306,40252.632368607956
2022-03-10,39437.4609375,47443.36099759615,40309.07457386364
2022-03-11,38794.97265625,47272.51920072115,40353.230291193184
2022-03-12,38904.01171875,47085.42388822115,40393.36159446023
2022-03-13,37849.6640625,46892.19017427885,40394.84641335227
2022-03-14,39666.75390625,46724.60958533654,40429.586736505684
2022-03-15,39338.78515625,46557.01811899038,40461.88636363636
2022-03-16,41143.9296875,46400.22157451923,40522.359197443184
2022-03-17,40951.37890625,46228.10150240385,40572.543412642044
2022-03-18,41801.15625,46029.90402644231,40682.72913707386
2022-03-19,42190.65234375,45839.279597355766,40797.18483664773
2022-03-20,41247.82421875,45656.60724158654,40791.43368252841
2022-03-21,41077.99609375,45472.97674278846,40783.179865056816
2022-03-22,42358.80859375,45305.30649038462,40781.961115056816
2022-03-23,42892.95703125,45139.332872596155,40760.43093039773
2022-03-24,43960.93359375,44973.90282451923,40756.851118607956
2022-03-25,44348.73046875,44826.140204326926,40757.07688210227
2022-03-26,44500.828125,44705.67545072115,40778.34312855114
2022-03-27,46820.4921875,44601.46376201923,40878.628462357956
2022-03-28,47128.00390625,44525.97043269231,40989.61789772727
2022-03-29,47465.73046875,44444.01775841346,41109.350053267044
2022-03-30,47062.6640625,44346.82905649039,41211.07155539773
2022-03-31,45538.67578125,44245.35366586538,41232.96866122159
2022-04-01,46281.64453125,44168.37178485577,41285.69105113636
2022-04-02,45868.94921875,44078.37082331731,41406.84872159091
2022-04-03,46453.56640625,44002.779597355766,41552.81667258523
2022-04-04,46622.67578125,43920.84110576923,41700.55575284091
2022-04-05,45555.9921875,43859.196694711536,41862.47878196023
2022-04-06,43206.73828125,43769.901772836536,42001.830078125
2022-04-07,43503.84765625,43664.17400841346,42120.41690340909
2022-04-08,42287.6640625,43544.79783653846,42233.85085227273
2022-04-09,42782.13671875,43435.38792067308,42334.97647372159
2022-04-10,42207.671875,43319.832872596155,42403.00949928977
2022-04-11,39521.90234375,43189.402764423074,42412.48117897727
2022-04-12,40127.18359375,43085.77920673077,42467.422052556816
2022-04-13,41166.73046875,43023.979417067305,42421.36514559659
2022-04-14,39935.515625,42951.41532451923,42320.93057528409
2022-04-15,40553.46484375,42874.26793870192,42244.32484019886
2022-04-16,40424.484375,42795.224849759616,42198.24973366477
2022-04-17,39716.953125,42712.24143629808,42211.41672585227
2022-04-18,40826.21484375,42659.58061899038,42243.8173828125
2022-04-19,41502.75,42615.422506009614,42313.88023792614
2022-04-20,41374.37890625,42553.97536057692,42389.160688920456
2022-04-21,40527.36328125,42480.35249399039,42429.84463778409
2022-04-22,39740.3203125,42426.528185096155,42378.87633167614
2022-04-23,39486.73046875,42371.71355168269,42379.99609375
2022-04-24,39469.29296875,42299.194861778844,42395.32155539773
2022-04-25,40458.30859375,42243.75549879808,42430.646484375
2022-04-26,38117.4609375,42181.565625,42436.73277698864
2022-04-27,39241.12109375,42123.04519230769,42427.05930397727
2022-04-28,39773.828125,42069.71298076923,42436.94664417614
2022-04-29,38609.82421875,42006.09411057692,42379.353338068184
2022-04-30,37714.875,41919.773046875,42305.796431107956
2022-05-01,38469.09375,41841.623677884614,42230.06773792614
2022-05-02,38529.328125,41747.35282451923,42146.85582386364
2022-05-03,37750.453125,41646.80096153846,42067.3701171875
2022-05-04,39698.37109375,41564.251051682695,42036.01500355114
2022-05-05,36575.140625,41454.755859375,41904.56800426136
2022-05-06,36040.921875,41342.45204326923,41748.83993252841
2022-05-07,35501.953125,41249.47587139423,41556.590376420456
2022-05-08,34059.265625,41154.20321514423,41322.73890269886
2022-05-09,30296.953125,41024.348046875,40999.92356178977
2022-05-10,31022.90625,40906.782361778845,40640.887517755684
2022-05-11,28936.35546875,40762.54807692308,40227.440962357956
2022-05-12,29047.751953125,40621.79833233173,39808.850541548294
2022-05-13,29283.103515625,40489.68284254808,39404.76962002841
2022-05-14,30101.265625,40368.172776442305,39053.919389204544
2022-05-15,31305.11328125,40273.83515625,38713.54367897727
2022-05-16,29862.91796875,40171.54275841346,38349.77024147727
2022-05-17,30425.857421875,40085.911643629806,37985.50412819602
2022-05-18,28720.271484375,39985.80649038462,37578.631303267044
2022-05-19,30314.333984375,39896.59673978365,37232.22998046875
2022-05-20,29200.740234375,39799.51580528846,36913.91184303977
2022-05-21,29432.2265625,39697.180198317306,36594.10227272727
2022-05-22,30323.72265625,39592.369591346156,36322.194513494316
2022-05-23,29098.91015625,39488.57989783654,36011.212091619316
2022-05-24,29655.5859375,39385.163641826926,35725.93741122159
2022-05-25,29562.361328125,39280.432587139425,35499.58420632102
2022-05-26,29267.224609375,39173.91986177885,35252.76695667614
2022-05-27,28627.57421875,39069.127734375,34967.7861328125
2022-05-28,28814.900390625,38964.81440805289,34715.044877485794
2022-05-29,29445.95703125,38870.21155348558,34462.601518110794
2022-05-30,31726.390625,38801.33442007212,34264.91756924716
2022-05-31,31792.310546875,38765.44975961538,34084.812056107956
2022-06-01,29799.080078125,38725.209990985575,33834.195356889206
2022-06-02,30467.48828125,38680.52294170673,33583.39395419034
2022-06-03,29704.390625,38627.06188401442,33318.166947798294
2022-06-04,29832.9140625,38572.28426983173,33075.111283735794
2022-06-05,29906.662109375,38518.857662259616,32851.61905184659
2022-06-06,31370.671875,38474.491796875,32667.163174715908
2022-06-07,31155.478515625,38423.50061598558,32478.212846235794
2022-06-08,30214.35546875,38362.54812199519,32245.395729758522
2022-06-09,30111.998046875,38302.505018028845,32063.453391335228
2022-06-10,29083.8046875,38230.202554086536,31832.60529119318
2022-06-11,28360.810546875,38150.33745492788,31573.218528053978
2022-06-12,26762.6484375,38071.95025540865,31303.96453302557
2022-06-13,22487.388671875,37959.12554086538,30957.885298295456
2022-06-14,22206.79296875,37810.70952524038,30588.287553267044
2022-06-15,22572.83984375,37665.56856971154,30225.640092329544
2022-06-16,20381.650390625,37496.101006610574,29830.894575639206
2022-06-17,20471.482421875,37316.34098557692,29393.919833096592
2022-06-18,19017.642578125,37123.257887620195,28994.885786576706
2022-06-19,20553.271484375,36940.29230769231,28642.89373224432
2022-06-20,20599.537109375,36763.634029447116,28304.20245916193
2022-06-21,20710.59765625,36596.731415264425,28000.823641690342
2022-06-22,19987.029296875,36425.52034254808,27766.507191051136
2022-06-23,21085.876953125,36263.123121995195,27540.665616122158
2022-06-24,21231.65625,36098.85187800481,27365.558815696022
2022-06-25,21502.337890625,35921.368299278845,27194.072132457386
2022-06-26,21027.294921875,35744.94857271635,27006.44011896307
2022-06-27,20735.478515625,35592.621394230766,26793.581321022728
2022-06-28,20280.634765625,35440.69568810096,26543.024991122158
2022-06-29,20104.0234375,35286.71005108173,26321.23193359375
2022-06-30,19784.7265625,35143.27426382212,26079.388050426136
2022-07-01,19269.3671875,35006.305694110575,25864.594770951706
2022-07-02,19242.255859375,34859.81514423077,25612.956631747158
2022-07-03,19297.076171875,34721.357496995195,25387.87335759943
2022-07-04,20231.26171875,34582.11636117788,25178.760520241478
2022-07-05,20190.115234375,34435.777103365384,24948.451260653408
2022-07-06,20548.24609375,34293.031700721156,24754.11798650568
2022-07-07,21637.587890625,34169.3994140625,24571.890758167614
2022-07-08,21731.1171875,34004.30620492788,24393.907936789772
2022-07-09,21592.20703125,33829.210591947114,24219.475719105114
2022-07-10,20860.44921875,33651.79776141827,24042.950150923294
2022-07-11,19970.556640625,33478.865204326925,23841.942338423294
2022-07-12,19323.9140625,33326.45219350961,23611.895907315342
2022-07-13,20212.07421875,33178.84825721154,23350.206898082386
2022-07-14,20569.919921875,33041.540069110575,23095.152565696022
2022-07-15,20836.328125,32909.034600360574,22891.453657670456
2022-07-16,21190.31640625,32774.058037860574,22680.608842329544
2022-07-17,20779.34375,32610.953560697115,22477.766867897728
2022-07-18,22485.689453125,32480.555318509614,22310.78449041193
2022-07-19,23389.43359375,32362.051171875,22162.665660511364
2022-07-20,23231.732421875,32241.495177283654,21977.68976384943
2022-07-21,23164.62890625,32128.533368389424,21796.079545454544
2022-07-22,22714.978515625,31998.135096153845,21625.63916015625
2022-07-23,22465.478515625,31868.3404296875,21451.854625355114
2022-07-24,22609.1640625,31725.765309495193,21304.703702059658
2022-07-25,21361.701171875,31575.075480769232,21145.633034446022
2022-07-26,21239.75390625,31416.910847355768,21020.112704190342
2022-07-27,22930.548828125,31268.756204927886,21030.184525923294
2022-07-28,23843.88671875,31134.879762620192,21067.391202059658
2022-07-29,23804.6328125,31002.00773737981,21095.386496803978
2022-07-30,23656.20703125,30858.141571514425,21169.808238636364
2022-07-31,23336.896484375,30707.71033653846,21234.931285511364
2022-08-01,23314.19921875,30548.889302884614,21332.580300071022
2022-08-02,22978.1171875,30384.499969951925,21387.6904296875
2022-08-03,22846.5078125,30217.928275240385,21438.757945667614
2022-08-04,22630.95703125,30031.854927884615,21482.402476917614
2022-08-05,23289.314453125,29848.48039362981,21557.45441228693
2022-08-06,22961.279296875,29659.984615384616,21600.077192826706
2022-08-07,23175.890625,29476.240204326925,21644.26433771307
2022-08-08,23809.486328125,29309.09259314904,21696.69952947443
2022-08-09,23164.318359375,29131.26700721154,21745.26824396307
2022-08-10,23947.642578125,28962.641571514425,21818.27197265625
2022-08-11,23957.529296875,28789.59513221154,21901.837757457386
2022-08-12,24402.818359375,28618.67315204327,21999.537642045456
2022-08-13,24424.068359375,28456.119891826922,22104.97722833807
2022-08-14,24319.333984375,28310.832166466345,22219.74920099432
2022-08-15,24136.97265625,28161.856204927884,22330.992764559658
2022-08-16,23883.291015625,28020.28410456731,22435.22492009943
2022-08-17,23335.998046875,27870.69842247596,22505.787109375
2022-08-18,23212.73828125,27724.583548677885,22574.48308771307
2022-08-19,20877.552734375,27581.165474759615,22581.967329545456
2022-08-20,21166.060546875,27435.310682091345,22571.25079900568
2022-08-21,21534.12109375,27284.29060997596,22566.77361505682
2022-08-22,21398.908203125,27141.701322115383,22562.380459872158
2022-08-23,21528.087890625,26995.35226862981,22577.554066051136
2022-08-24,21395.01953125,26848.97176983173,22609.92822265625
2022-08-25,21600.904296875,26709.617548076923,22661.678000710228
2022-08-26,20260.01953125,26551.416045673075,22662.767666903408
2022-08-27,20041.73828125,26386.331340144232,22650.763538707386
2022-08-28,19616.814453125,26218.965459735577,22623.047318892044
2022-08-29,20297.994140625,26063.354927884615,22602.76726740057
2022-08-30,19796.80859375,25909.943299278846,22580.436922940342
2022-08-31,20049.763671875,25760.428170072115,22525.074973366478
2022-09-01,20127.140625,25611.6423828125,22450.93195134943
2022-09-02,19969.771484375,25454.038251201924,22376.796475497158
2022-09-03,19832.087890625,25313.38153545673,22301.056906960228
2022-09-04,19986.712890625,25165.270703125,22239.050870028408
2022-09-05,19812.37109375,25011.721033653845,22178.752974076706
2022-09-06,18837.66796875,24859.62752403846,22093.037153764206
2022-09-07,19290.32421875,24717.90021033654,22045.960404829544
2022-09-08,19329.833984375,24570.675135216345,22002.553133877842
2022-09-09,21381.15234375,24438.766090745194,21967.339577414772
2022-09-10,21680.5390625,24315.1513671875,21918.172585227272
2022-09-11,21769.255859375,24177.235096153847,21871.914018110794
2022-09-12,22370.44921875,24067.968239182694,21842.692249644886
2022-09-13,20296.70703125,23946.85889423077,21773.597034801136
2022-09-14,20241.08984375,23829.467638221155,21703.753639914772
2022-09-15,19701.2109375,23719.021063701923,21629.27849786932
2022-09-16,19772.583984375,23638.06437800481,21559.416592684658
2022-09-17,20127.576171875,23554.254146634616,21502.521573153408
2022-09-18,19419.505859375,23481.047611177884,21414.571377840908
2022-09-19,19544.12890625,23407.942818509615,21336.90886896307
2022-09-20,18890.7890625,23328.001938100962,21239.52019708807
2022-09-21,18547.400390625,23239.12605168269,21119.927334872158
2022-09-22,19413.55078125,23147.652493990383,21034.6826171875
2022-09-23,19297.638671875,23066.381114783653,20929.000710227272
2022-09-24,18937.01171875,22978.00537860577,20814.898037997158
2022-09-25,18802.09765625,22901.71173377404,20687.608931107956
2022-09-26,19222.671875,22816.391256009614,20569.395374644886
2022-09-27,19110.546875,22738.774384014425,20451.01384943182
2022-09-28,19426.720703125,22661.808954326923,20343.962668678978
2022-09-29,19573.05078125,22579.111478365383,20246.002663352272
2022-09-30,19431.7890625,22504.749008413462,20157.270640980114
2022-10-01,19312.095703125,22425.18369891827,20068.619673295456
2022-10-02,19044.107421875,22344.274053485577,20026.950461647728
2022-10-03,19623.580078125,22270.09217247596,19991.894087357956
2022-10-04,20336.84375,22206.317322716346,19964.683238636364
2022-10-05,20160.716796875,22139.7466796875,19936.542524857956
2022-10-06,19955.443359375,22066.742728365385,19900.80060369318
2022-10-07,19546.849609375,21973.053951322116,19858.796741832386
2022-10-08,19416.568359375,21877.855934495194,19809.152743252842
2022-10-09,19446.42578125,21798.22013221154,19790.661976207386
2022-10-10,19141.484375,21711.097025240386,19770.20166015625
2022-10-11,19051.41796875,21629.151081730768,19757.35174005682
2022-10-12,19157.4453125,21547.032091346155,19731.43017578125
2022-10-13,19382.904296875,21466.080108173075,19722.02325994318
2022-10-14,19185.65625,21372.34921875,19702.38445490057
2022-10-15,19067.634765625,21279.36580528846,19678.304776278408
2022-10-16,19268.09375,21195.16379206731,19662.357555042614
2022-10-17,19550.7578125,21113.923482572114,19655.96368963068
2022-10-18,19334.416015625,21038.928185096152,19641.138760653408
2022-10-19,19139.53515625,20967.99529747596,19625.847034801136
2022-10-20,19053.740234375,20908.696003605768,19630.757768110794
2022-10-21,19172.46875,20883.196619591345,19628.079234730114
2022-10-22,19208.189453125,20860.130438701923,19625.314586292614
2022-10-23,19567.0078125,20837.008653846155,19584.084028764206
2022-10-24,19345.572265625,20829.038822115384,19531.0166015625
2022-10-25,20095.857421875,20826.149399038462,19492.984818892044
2022-10-26,20770.44140625,20839.632466947114,19456.621004971592
2022-10-27,20285.8359375,20837.57527043269,19456.373934659092
2022-10-28,20595.3515625,20837.54307391827,19464.425337357956
2022-10-29,20818.4765625,20838.372911658655,19489.817737926136
2022-10-30,20635.603515625,20843.361944110577,19509.43181818182
2022-10-31,20495.7734375,20838.822686298077,19517.799937855114
2022-11-01,20485.2734375,20833.081280048078,19542.021928267044
2022-11-02,20159.50390625,20822.751787860576,19556.007723721592
2022-11-03,20209.98828125,20816.464813701925,19585.989524147728
2022-11-04,21147.23046875,20819.63213641827,19645.076571377842
2022-11-05,21282.69140625,20827.340264423077,19687.557040127842
2022-11-06,20926.486328125,20833.66690204327,19724.576305042614
2022-11-07,20602.81640625,20839.959900841346,19762.435502485794
2022-11-08,18541.271484375,20834.359164663463,19756.50763494318
2022-11-09,15880.7802734375,20808.50166015625,19680.55555308949
2022-11-10,17586.771484375,20795.345470252403,19645.924294211647
2022-11-11,17034.29296875,20770.753402944712,19591.550936612217
2022-11-12,16799.185546875,20744.66932842548,19528.508544921875
2022-11-13,16353.365234375,20712.401014122595,19458.544367009945
2022-11-14,16618.19921875,20673.79033203125,19397.31944691051
2022-11-15,16884.61328125,20636.509532752403,19348.24003462358
2022-11-16,16669.439453125,20598.64208984375,19281.10047496449
2022-11-17,16687.517578125,20566.542615685095,19198.16124378551
2022-11-18,16697.77734375,20541.367390324518,19119.458074396305
2022-11-19,16711.546875,20521.272258112982,19045.733154296875
2022-11-20,16291.83203125,20491.116548978367,18971.75548206676
2022-11-21,15787.2841796875,20454.32704326923,18889.271750710228
2022-11-22,16189.76953125,20418.58428485577,18815.2568359375
2022-11-23,16610.70703125,20383.35652043269,18757.739169034092
2022-11-24,16604.46484375,20351.242067307692,18702.126598011364
2022-11-25,16521.841796875,20305.36631610577,18642.226518110794
2022-11-26,16464.28125,20252.095913461537,18575.894176136364
2022-11-27,16444.626953125,20199.887409855768,18513.598055752842
2022-11-28,16217.322265625,20146.44658954327,18448.818226207386
2022-11-29,16444.982421875,20098.215850360575,18384.656605113636
2022-11-30,17168.56640625,20057.470372596155,18330.515891335228
2022-12-01,16967.1328125,20014.07013221154,18276.714000355114
2022-12-02,17088.66015625,19981.2005859375,18230.10320490057
2022-12-03,16908.236328125,19947.881219951923,18181.341752485794
2022-12-04,17130.486328125,19903.26535456731,18134.933061079544
2022-12-05,16974.826171875,19850.426427283655,18084.1748046875
2022-12-06,17089.50390625,19798.77158954327,18027.867897727272
2022-12-07,16848.126953125,19746.40174278846,17971.107776988636
2022-12-08,17233.474609375,19699.45234375,17906.053622159092
2022-12-09,17133.15234375,19651.905829326923,17823.387961647728
2022-12-10,17128.724609375,19606.910501802886,17751.63543146307
2022-12-11,17104.193359375,19562.73885216346,17672.290926846592
2022-12-12,17206.4375,19521.011778846154,17590.199129971592
2022-12-13,17781.318359375,19478.642578125,17525.329012784092
2022-12-14,17815.650390625,19439.06081730769,17464.417125355114
2022-12-15,17364.865234375,19394.36062199519,17393.498757102272
2022-12-16,16647.484375,19339.268299278847,17313.680131392044
2022-12-17,16795.091796875,19290.274248798076,17236.06884765625
2022-12-18,16757.9765625,19234.96912560096,17136.313077059658
2022-12-19,16439.6796875,19177.139513221155,17026.24462890625
2022-12-20,16906.3046875,19119.4740234375,16934.876864346592
2022-12-21,16817.53515625,19060.962229567307,16848.847745028408
2022-12-22,16830.341796875,19003.35459735577,16809.962979403408
2022-12-23,16796.953125,18946.892908653845,16830.785089666195
2022-12-24,16847.755859375,18892.773407451925,16813.989280007103
2022-12-25,16841.986328125,18842.819471153845,16809.618674538353
2022-12-26,16919.8046875,18794.41228966346,16812.360018643467
2022-12-27,16717.173828125,18762.409375,16820.628395774147
2022-12-28,16552.572265625,18726.92100360577,16819.136874112217
2022-12-29,16642.341796875,18689.291932091346,16813.630704012783
2022-12-30,16602.5859375,18652.397145432693,16812.111305930397
2022-12-31,16547.49609375,18614.084900841346,16808.92899946733
2023-01-01,16625.080078125,18577.39305889423,16807.276788884945
2023-01-02,16688.470703125,18539.605108173077,16806.75233043324
2023-01-03,16679.857421875,18512.065399639425,16815.57108931108
2023-01-04,16863.23828125,18487.615399639424,16840.02459161932
2023-01-05,16836.736328125,18466.230183293268,16854.728382457386
2023-01-06,16951.96875,18440.491526442307,16862.484330610794
2023-01-07,16955.078125,18418.632061298078,16870.45281427557
2023-01-08,17091.14453125,18395.87345252404,16883.391512784092
2023-01-09,17196.5546875,18373.33048377404,16900.034090909092
2023-01-10,17446.29296875,18353.919110576924,16922.799227627842
2023-01-11,17934.896484375,18339.325330528845,16961.835005326706
2023-01-12,18869.587890625,18330.732061298077,17016.939675071022
2023-01-13,19909.57421875,18331.479777644232,17079.235307173294
2023-01-14,20976.298828125,18347.930784254808,17170.35271661932
2023-01-15,20880.798828125,18360.165204326924,17256.537686434658
2023-01-16,21169.6328125,18374.317503004808,17353.387606534092
2023-01-17,21161.51953125,18372.62801983173,17445.001997514206
2023-01-18,20688.78125,18364.99911358173,17529.410067471592
2023-01-19,21086.79296875,18359.74939903846,17620.257546164772
2023-01-20,22676.552734375,18362.104041466348,17752.721768465908
2023-01-21,22777.625,18381.188025841348,17878.725186434658
2023-01-22,22720.416015625,18400.259765625,18005.708451704544
2023-01-23,22934.431640625,18425.130694110576,18137.656338778408
2023-01-24,22636.46875,18447.160576923077,18263.389870383522
2023-01-25,23117.859375,18470.162755408655,18397.740367542614
2023-01-26,23032.77734375,18497.957151442308,18517.091708096592
2023-01-27,23078.728515625,18525.14637920673,18636.707120028408
2023-01-28,23031.08984375,18556.99484675481,18765.484952059658
2023-01-29,23774.56640625,18597.203816105768,18927.464089133522
2023-01-30,22840.138671875,18623.562184495193,19064.851518110794
2023-01-31,23139.283203125,18653.113296274038,19209.881214488636
2023-02-01,23723.76953125,18689.934510216346,19375.4287109375
2023-02-02,23471.87109375,18725.85584435096,19524.646129261364
2023-02-03,23449.322265625,18758.36853966346,19675.368563565342
2023-02-04,23331.84765625,18790.840084134616,19823.13006036932
2023-02-05,22955.666015625,18817.985817307694,19963.100807883522
2023-02-06,22760.109375,18842.50165264423,20097.47247869318
2023-02-07,23264.291015625,18871.982436899038,20243.433948863636
2023-02-08,22939.3984375,18899.884765625,20380.242897727272
2023-02-09,21819.0390625,18921.23039362981,20496.194380326706
2023-02-10,21651.18359375,18936.82734375,20612.071910511364
2023-02-11,21870.875,18948.627584134614,20730.902210582386
2023-02-12,21788.203125,18961.146709735578,20848.75714666193
2023-02-13,21808.1015625,18975.397926682694,20968.316361860794
2023-02-14,22220.8046875,18995.966811899038,21095.491921164772
2023-02-15,24307.841796875,19033.5919921875,21268.659446022728
2023-02-16,23623.474609375,19065.72313701923,21426.46892755682
2023-02-17,24565.6015625,19107.447115384617,21601.52263849432
2023-02-18,24641.27734375,19150.446033653847,21778.898570667614
2023-02-19,24327.642578125,19190.216781850962,21946.52752130682
2023-02-20,24829.1484375,19232.110967548077,22125.483664772728
2023-02-21,24436.353515625,19272.500946514425,22292.42023259943
2023-02-22,24188.84375,19311.894861778845,22451.335893110794
2023-02-23,23947.4921875,19347.890234375,22599.090420809658
2023-02-24,23198.126953125,19375.946920072114,22718.70929509943
2023-02-25,23175.375,19405.49275841346,22816.568093039772
2023-02-26,23561.212890625,19439.5056640625,22899.55988103693
2023-02-27,23522.87109375,19473.88359375,22957.4365234375
2023-02-28,23147.353515625,19504.459630408655,23008.949129971592
2023-03-01,23646.55078125,19538.600871394232,23065.242720170456
2023-03-02,23475.466796875,19568.66594050481,23117.832430752842
2023-03-03,22362.6796875,19591.874459134615,23155.875577059658
2023-03-04,22353.349609375,19609.239783653848,23184.66095525568
2023-03-05,22435.513671875,19622.04803185096,23179.18279474432
2023-03-06,22429.7578125,19638.53973858173,23171.276722301136
2023-03-07,22219.76953125,19651.03526141827,23159.898393110794
2023-03-08,21718.080078125,19657.955288461537,23132.254039417614
2023-03-09,20363.021484375,19655.85850360577,23080.58478338068
2023-03-10,20187.244140625,19653.485201322117,23013.979891690342
2023-03-11,20632.41015625,19654.617022235576,22959.42609197443
2023-03-12,22163.94921875,19670.03583233173,22938.635653409092
2023-03-13,24197.533203125,19700.70925480769,22965.145729758522
2023-03-14,24746.07421875,19728.39266826923,22987.225452769886
2023-03-15,24375.9609375,19752.187049278848,23022.130504261364
2023-03-16,25052.7890625,19783.92783954327,23065.619273792614
2023-03-17,27423.9296875,19836.39794170673,23149.713822798294
2023-03-18,26965.87890625,19901.202614182694,23229.123091264206
2023-03-19,28038.67578125,19994.724887319713,23333.42658025568
2023-03-20,27767.236328125,20073.036155348556,23434.230868252842
2023-03-21,28175.81640625,20158.740181790865,23552.870649857956
2023-03-22,27307.4375,20239.572889122595,23656.219016335228
2023-03-23,28333.97265625,20331.731407752402,23771.439053622158
2023-03-24,27493.28515625,20415.385914963943,23874.936479048294
2023-03-25,27494.70703125,20497.002020733173,24003.928932883522
2023-03-26,27994.330078125,20584.116564002405,24148.091352982956
2023-03-27,27139.888671875,20664.51941856971,24267.841663707386
2023-03-28,27268.130859375,20745.829830228366,24392.385475852272
2023-03-29,28348.44140625,20835.344403545674,24541.029563210228
2023-03-30,28033.5625,20925.665407151442,24673.1376953125
2023-03-31,28478.484375,21023.290024038462,24767.925026633522
2023-04-01,28411.03515625,21117.299759615384,24876.73322088068
2023-04-02,28199.30859375,21206.442848557694,24959.317471590908
2023-04-03,27790.220703125,21292.48712439904,25030.884366122158
2023-04-04,28168.08984375,21382.07364783654,25118.167258522728
2023-04-05,28177.984375,21472.179056490386,25194.27716619318
2023-04-06,28044.140625,21561.406084735576,25276.272327769886
2023-04-07,27925.859375,21651.47175480769,25361.204501065342
2023-04-08,27947.794921875,21739.954927884617,25452.120472301136
2023-04-09,28333.05078125,21825.835576923077,25568.823286576706
2023-04-10,29652.98046875,21923.41902043269,25716.041592684658
2023-04-11,30235.05859375,22024.545162259616,25867.71990411932
2023-04-12,30139.052734375,22126.320673076923,26018.087668678978
2023-04-13,30399.06640625,22228.386673677884,26182.899325284092
2023-04-14,30485.69921875,22332.316466346154,26338.334517045456
2023-04-15,30318.49609375,22434.07794471154,26493.85791015625
2023-04-16,30315.35546875,22537.672010216345,26674.600541548294
2023-04-17,29445.044921875,22631.607166466347,26835.775435014206
2023-04-18,30397.552734375,22733.641015625,27016.730868252842
2023-04-19,28822.6796875,22823.594516225963,27162.024547230114
2023-04-20,28245.98828125,22909.300631009617,27298.98406427557
2023-04-21,27276.91015625,22986.76580528846,27425.32111150568
2023-04-22,27817.5,23063.96720252404,27594.741077769886
2023-04-23,27591.384765625,23139.165159254808,27763.017001065342
2023-04-24,27525.33984375,23217.32265625,27919.67449396307
2023-04-25,28307.59765625,23307.015835336537,28059.302867542614
2023-04-26,28422.701171875,23396.458984375,28155.32941228693
2023-04-27,29473.787109375,23494.272911658652,28262.777432528408
2023-04-28,29340.26171875,23593.508158052886,28375.602450284092
2023-04-29,29248.48828125,23688.448031850963,28470.959250710228
2023-04-30,29268.806640625,23784.22704326923,28512.888272372158
2023-05-01,28091.568359375,23870.85186298077,28538.472123579544
2023-05-02,28680.537109375,23962.26404747596,28553.05988103693
2023-05-03,29006.30859375,24055.791376201923,28581.220614346592
2023-05-04,28847.7109375,24148.143103966348,28596.490944602272
2023-05-05,29534.384765625,24245.17833533654,28647.103382457386
2023-05-06,28904.623046875,24338.927944711537,28660.072709517044
2023-05-07,28454.978515625,24430.484915865385,28681.92937677557
2023-05-08,27694.2734375,24515.499774639422,28686.464976917614
2023-05-09,27658.775390625,24600.547385817306,28678.838734019886
2023-05-10,27621.755859375,24685.73399939904,28689.790261008522
2023-05-11,27000.7890625,24765.54714543269,28683.714311079544
2023-05-12,26804.990234375,24843.366526442307,28648.635875355114
2023-05-13,26784.078125,24921.09130108173,28620.238503196022
2023-05-14,26930.638671875,24998.532842548077,28585.060191761364
2023-05-15,27192.693359375,25078.194050480768,28557.37060546875
2023-05-16,27036.650390625,25155.768524639425,28530.946555397728
2023-05-17,27398.802734375,25236.10486778846,28522.050692471592
2023-05-18,26832.208984375,25311.0361328125,28491.68976384943
2023-05-19,26890.12890625,25385.602088341348,28462.420321377842
2023-05-20,27129.5859375,25460.08895733173,28441.634987571022
2023-05-21,26753.826171875,25527.926878004808,28414.99786931818
2023-05-22,26851.27734375,25589.32448918269,28390.077015269886
2023-05-23,27225.7265625,25645.602584134616,28364.910555752842
2023-05-24,26334.818359375,25686.82196514423,28289.497780539772
2023-05-25,26476.20703125,25729.863566706732,28204.0693359375
2023-05-26,26719.291015625,25772.553245192306,28126.34747869318
2023-05-27,26868.353515625,25816.45196814904,28046.10400390625
2023-05-28,28085.646484375,25873.350931490386,27991.557350852272
2023-05-29,27745.884765625,25924.57471454327,27933.088911576706
2023-05-30,27702.349609375,25963.234690504807,27873.702414772728
2023-05-31,27219.658203125,25997.404176682692,27823.125443892044
2023-06-01,26819.97265625,26028.939227764422,27741.816805752842
2023-06-02,27249.58984375,26062.132752403846,27706.06476384943
2023-06-03,27075.12890625,26096.27629206731,27679.454323508522
2023-06-04,27119.06640625,26127.054807692308,27675.866965553978
2023-06-05,25760.09765625,26148.034194711538,27629.107821377842
2023-06-06,27238.783203125,26180.034615384615,27621.094149502842
2023-06-07,26345.998046875,26205.53390925481,27594.290926846592
2023-06-08,26508.216796875,26226.561989182694,27553.395907315342
2023-06-09,26480.375,26254.563807091345,27509.25213068182
2023-06-10,25851.240234375,26275.425015024037,27426.921519886364
2023-06-11,25940.16796875,26292.47423377404,27349.64666193182
2023-06-12,25902.5,26311.17137920673,27273.601473721592
2023-06-13,25918.728515625,26330.16681189904,27197.463334517044
2023-06-14,25124.67578125,26343.957797475963,27130.033957741478
2023-06-15,25576.39453125,26364.117247596154,27059.485262784092
2023-06-16,26327.462890625,26391.558428485576,26998.602405894886
2023-06-17,26510.67578125,26416.530618990386,26945.48797052557
2023-06-18,26336.212890625,26442.6599609375,26872.80224609375
2023-06-19,26851.029296875,26481.367578125,26826.129660866478
2023-06-20,28327.48828125,26532.723768028845,26823.232155539772
2023-06-21,30027.296875,26595.465474759614,26876.255415482956
2023-06-22,29912.28125,26657.95838341346,26927.471457741478
2023-06-23,30695.46875,26726.32274639423,26997.328568892044
2023-06-24,30548.6953125,26790.383443509614,27077.962801846592
2023-06-25,30480.26171875,26837.863596754807,27161.49169921875
2023-06-26,30271.130859375,26888.9994140625,27240.742897727272
2023-06-27,30688.1640625,26936.096048677886,27326.141202059658
2023-06-28,30086.24609375,26977.980423677884,27391.903764204544
2023-06-29,30445.3515625,27025.039723557693,27469.374245383522
2023-06-30,30477.251953125,27068.486673677886,27539.339000355114
2023-07-01,30590.078125,27115.823016826922,27624.7451171875
2023-07-02,30620.76953125,27165.299368990385,27709.53240411932
2023-07-03,31156.439453125,27220.752809495192,27801.051802201706
2023-07-04,30777.58203125,27279.056310096155,27892.50079900568
2023-07-05,30514.166015625,27335.508548677884,27975.748268821022
2023-07-06,29909.337890625,27384.340279447115,28036.73943536932
2023-07-07,30342.265625,27436.797160456732,28127.817782315342
2023-07-08,30292.541015625,27491.76014122596,28214.552645596592
2023-07-09,30171.234375,27541.95001502404,28293.005903764206
2023-07-10,30414.470703125,27595.32696814904,28373.599476207386
2023-07-11,30620.951171875,27658.85213341346,28431.22003728693
2023-07-12,30391.646484375,27720.685186298077,28491.350985440342
2023-07-13,31476.048828125,27790.227764423078,28577.11687677557
2023-07-14,30334.068359375,27851.030153245192,28647.89892578125
2023-07-15,30295.806640625,27913.153515625,28726.895152698864
2023-07-16,30249.1328125,27978.776998197114,28795.06658380682
2023-07-17,30145.888671875,28054.029822716348,28864.856578480114
2023-07-18,29856.5625,28128.409194711538,28927.072398792614
2023-07-19,29913.923828125,28199.805453725963,29021.4775390625
2023-07-20,29792.015625,28258.482887620194,29079.50554865057
2023-07-21,29908.744140625,28302.415279447116,29160.47705078125
2023-07-22,29771.802734375,28341.074729567306,29234.649458451706
2023-07-23,30084.5390625,28384.986868990385,29316.562278053978
2023-07-24,29176.916015625,28416.710922475962,29392.14581853693
2023-07-25,29227.390625,28430.583698918268,29466.855424360794
2023-07-26,29354.97265625,28448.96134314904,29545.320712002842
2023-07-27,29210.689453125,28457.97683293269,29620.13800603693
2023-07-28,29319.24609375,28469.915369591345,29715.469149502842
2023-07-29,29356.91796875,28479.000766225963,29801.39013671875
2023-07-30,29275.30859375,28494.138236177885,29868.386629971592
2023-07-31,29230.111328125,28501.031610576923,29930.191983309658
2023-08-01,29675.732421875,28517.819666466345,30006.09015447443
2023-08-02,29151.958984375,28530.56775841346,30058.384011008522
2023-08-03,29178.6796875,28539.67814002404,30077.729270241478
2023-08-04,29074.091796875,28554.556625600962,30056.065518465908
2023-08-05,29042.126953125,28568.20274939904,30036.289284446022
2023-08-06,29041.85546875,28573.53670372596,29998.707164417614
2023-08-07,29180.578125,28582.359900841348,29967.61359197443
2023-08-08,29765.4921875,28592.2599609375,29951.36882990057
2023-08-09,29561.494140625,28601.10964543269,29935.24072265625
2023-08-10,29429.591796875,28610.573362379808,29906.636807528408
2023-08-11,29397.71484375,28622.938701923078,29890.988370028408
2023-08-12,29415.96484375,28632.537740384614,29867.593217329544
2023-08-13,29282.9140625,28641.03719951923,29840.449174360794
2023-08-14,29408.443359375,28651.5318359375,29813.593838778408
2023-08-15,29170.34765625,28661.104822716345,29780.62970525568
2023-08-16,28701.779296875,28666.90470252404,29724.84197443182
2023-08-17,26664.55078125,28654.070087139422,29631.363991477272
2023-08-18,26049.556640625,28626.351442307692,29529.895596590908
2023-08-19,26096.205078125,28594.514107572115,29443.233487215908
2023-08-20,26189.583984375,28564.133578725963,29348.854359019886
2023-08-21,26124.140625,28531.249534254806,29254.11798650568
2023-08-22,26031.65625,28496.987665264423,29160.036665482956
2023-08-23,26431.640625,28467.08877704327,29069.517800071022
2023-08-24,26162.373046875,28435.14275841346,28968.186479048294
2023-08-25,26047.66796875,28409.00908954327,28869.459694602272
2023-08-26,26008.462890625,28375.246859975963,28745.196377840908
2023-08-27,26089.693359375,28354.223888221153,28648.733309659092
2023-08-28,26106.150390625,28337.76359675481,28553.51384943182
2023-08-29,27727.392578125,28341.228846153845,28496.201571377842
2023-08-30,27297.265625,28337.22704326923,28431.46013849432
2023-08-31,25931.47265625,28324.45848858173,28342.253551136364
2023-09-01,25800.724609375,28311.192217548076,28248.771750710228
2023-09-02,25868.798828125,28292.4322265625,28159.60773259943
2023-09-03,25969.56640625,28273.561959134615,28070.080965909092
2023-09-04,25812.416015625,28245.39756610577,27980.09490411932
2023-09-05,25779.982421875,28218.010802283654,27882.264071377842
2023-09-06,25753.236328125,28191.124248798078,27804.453169389206
2023-09-07,26240.1953125,28167.82723858173,27736.562366832386
2023-09-08,25905.654296875,28151.01251502404,27658.16876775568
2023-09-09,25895.677734375,28129.59051983173,27582.827592329544
2023-09-10,25832.2265625,28105.17450420673,27503.5771484375
2023-09-11,25162.654296875,28076.827914663463,27408.252974076706
2023-09-12,25833.34375,28048.358368389425,27330.026500355114
2023-09-13,26228.32421875,28027.771454326925,27261.804066051136
2023-09-14,26539.673828125,28013.038341346153,27190.530007102272
2023-09-15,26608.693359375,28004.687725360578,27132.728515625
2023-09-16,26568.28125,27996.29930889423,27073.401278409092
2023-09-17,26534.1875,27987.9333984375,27015.676180752842
2023-09-18,26754.28125,27986.03718449519,26963.6796875
2023-09-19,27211.1171875,27989.16123798077,26922.071999289772
2023-09-20,27132.0078125,27991.83762019231,26875.513583096592
2023-09-21,26567.6328125,27989.045267427886,26802.8349609375
2023-09-22,26579.568359375,27984.32892127404,26735.063920454544
2023-09-23,26579.390625,27980.811538461538,26670.28662109375
2023-09-24,26256.826171875,27972.027103365384,26598.902787642044
2023-09-25,26298.48046875,27967.92149939904,26528.050870028408
2023-09-26,26217.25,27962.7455078125,26458.376686789772
2023-09-27,26352.716796875,27956.769591346154,26388.928355823864
2023-09-28,27021.546875,27958.828981370192,26340.09197443182
2023-09-29,26911.720703125,27959.293930288462,26299.408824573864
2023-09-30,26967.916015625,27957.310772235578,26306.303488991478
2023-10-01,27983.75,27969.994861778847,26350.262428977272
2023-10-02,27530.78515625,27978.107001201923,26382.86652166193
2023-10-03,27429.978515625,27983.573828125,26411.05730646307
2023-10-04,27799.39453125,27990.735682091345,26449.131258877842
2023-10-05,27415.912109375,27985.58387920673,26480.59161931818
2023-10-06,27946.59765625,27987.12782451923,26515.0224609375
2023-10-07,27968.83984375,27989.177749399038,26556.078524502842
2023-10-08,27935.08984375,27994.68106971154,26598.974476207386
2023-10-09,27583.677734375,28000.555724158654,26634.774813565342
2023-10-10,27391.01953125,28001.64364483173,26664.35040838068
2023-10-11,26873.3203125,28000.091271033652,26681.786088423294
2023-10-12,26756.798828125,27997.30459735577,26659.727139559658
2023-10-13,26862.375,28005.783653846152,26649.84326171875
2023-10-14,26861.70703125,28002.883067908653,26670.984952059658
2023-10-15,27159.65234375,28009.141947115386,26701.869673295456
2023-10-16,28519.466796875,28024.61310096154,26762.11212713068
2023-10-17,28415.748046875,28039.5005859375,26817.707164417614
2023-10-18,28328.341796875,28058.555213341348,26874.887295809658
2023-10-19,28719.806640625,28079.937049278848,26941.70148259943
2023-10-20,29682.94921875,28109.017427884617,27031.013139204544
2023-10-21,29918.412109375,28139.784224759616,27114.608975497158
2023-10-22,29993.896484375,28177.239768629806,27207.523570667614
2023-10-23,33086.234375,28235.007767427884,27370.9453125
2023-10-24,33901.52734375,28293.26980168269,27554.338512073864
2023-10-25,34502.8203125,28354.747836538463,27766.615012428978
2023-10-26,34156.6484375,28414.905033052884,27955.781028053978
2023-10-27,33909.80078125,28469.203275240383,28130.36004083807
2023-10-28,34089.57421875,28513.527013221155,28301.948686079544
2023-10-29,34538.48046875,28548.22842548077,28482.171120383522
2023-10-30,34502.36328125,28583.536748798077,28662.491166548294
2023-10-31,34667.78125,28614.092998798078,28847.345569957386
